<?xml version="1.0" encoding="UTF-8"?>
<assessmentItem identifier="Chapter10" title="Motivation and Emotion" adaptive="false" timeDependent="false" 
  xmlns:xsi="http://www.w3.org/2001/XMLSchema-instance" 
  xmlns="http://www.imsglobal.org/xsd/imsqti_v2p1"
  xsi:schemaLocation="http://www.imsglobal.org/xsd/imsqti_v2p1 http://www.imsglobal.org/xsd/qti/qtiv2p1/imsqti_v2p1p1.xsd">
    <responseDeclaration identifier="RESPONSE" cardinality="single" baseType="identifier">
<correctResponse>
<value>D</value>
</correctResponse>
</responseDeclaration>
     <outcomeDeclaration identifier="SCORE" cardinality="single" baseType="float" normalMaximum="1" normalMinimum="0">
      <defaultValue>
        <value>0</value>
      </defaultValue>
    </outcomeDeclaration>
  	<itemBody>
	<choiceInteraction responseIdentifier="RESPONSE" shuffle="false" maxChoices="1" id="choicereduction">
		<prompt id="prompt">Tesla crafts imitation dream catchers in her spare time. Her father constantly encourages her to sell them on eBay. When she finally agrees to sell them, she notices that while she still enjoys making the dream catchers, she no longer does it for fun&#8212;she does it to make money. This is an example of the &#95;&#95;&#95;&#95;&#95;&#95;&#95;&#95; effect.</prompt>
<simpleChoice identifier="A" fixed="true">
drive-reduction
</simpleChoice>
<simpleChoice identifier="B" fixed="true">
hierarchical
</simpleChoice>
<simpleChoice identifier="C" fixed="true">
heuristic
</simpleChoice>
<simpleChoice identifier="D" fixed="true">
overjustification
</simpleChoice>
</choiceInteraction>
</itemBody>
<responseProcessing template="http://www.imsglobal.org/question/qti_v2p1/rptemplates/match_correct"/>
</assessmentItem>