<?xml version="1.0" encoding="UTF-8"?>
<assessmentItem identifier="Chapter10" title="Motivation and Emotion" adaptive="false" timeDependent="false" 
  xmlns:xsi="http://www.w3.org/2001/XMLSchema-instance" 
  xmlns="http://www.imsglobal.org/xsd/imsqti_v2p1"
  xsi:schemaLocation="http://www.imsglobal.org/xsd/imsqti_v2p1 http://www.imsglobal.org/xsd/qti/qtiv2p1/imsqti_v2p1p1.xsd">
    <responseDeclaration identifier="RESPONSE" cardinality="single" baseType="identifier">
<correctResponse>
<value>A</value>
</correctResponse>
</responseDeclaration>
     <outcomeDeclaration identifier="SCORE" cardinality="single" baseType="float" normalMaximum="1" normalMinimum="0">
      <defaultValue>
        <value>0</value>
      </defaultValue>
    </outcomeDeclaration>
  	<itemBody>
	<choiceInteraction responseIdentifier="RESPONSE" shuffle="false" maxChoices="1" id="choicereduction">
		<prompt id="prompt">The hierarchy of needs is the spectrum of needs ranging from basic &#95;&#95;&#95;&#95;&#95;&#95;&#95;&#95; needs to &#95;&#95;&#95;&#95;&#95;&#95;&#95;&#95; needs and finally striving for self-actualization.</prompt>
<simpleChoice identifier="A" fixed="true">
biological; social
</simpleChoice>
<simpleChoice identifier="B" fixed="true">
social; biological
</simpleChoice>
<simpleChoice identifier="C" fixed="true">
aesthetic; esteem
</simpleChoice>
<simpleChoice identifier="D" fixed="true">
esteem; aesthetic
</simpleChoice>
</choiceInteraction>
</itemBody>
<responseProcessing template="http://www.imsglobal.org/question/qti_v2p1/rptemplates/match_correct"/>
</assessmentItem>