<?xml version="1.0" encoding="UTF-8"?>
<assessmentItem identifier="Chapter10" title="Motivation and Emotion" adaptive="false" timeDependent="false" 
  xmlns:xsi="http://www.w3.org/2001/XMLSchema-instance" 
  xmlns="http://www.imsglobal.org/xsd/imsqti_v2p1"
  xsi:schemaLocation="http://www.imsglobal.org/xsd/imsqti_v2p1 http://www.imsglobal.org/xsd/qti/qtiv2p1/imsqti_v2p1p1.xsd">
    <responseDeclaration identifier="RESPONSE" cardinality="single" baseType="identifier">
<correctResponse>
<value>D</value>
</correctResponse>
</responseDeclaration>
     <outcomeDeclaration identifier="SCORE" cardinality="single" baseType="float" normalMaximum="1" normalMinimum="0">
      <defaultValue>
        <value>0</value>
      </defaultValue>
    </outcomeDeclaration>
  	<itemBody>
	<choiceInteraction responseIdentifier="RESPONSE" shuffle="false" maxChoices="1" id="choicereduction">
		<prompt id="prompt">Cici firmly believes that every child deserves a loving parent. She becomes a foster parent because she knows that it is the right thing to do, even though she receives no material rewards for doing so. Cici becomes a foster parent because of &#95;&#95;&#95;&#95;&#95;&#95;&#95;&#95; motivation.</prompt>
<simpleChoice identifier="A" fixed="true">
biological
</simpleChoice>
<simpleChoice identifier="B" fixed="true">
extrinsic
</simpleChoice>
<simpleChoice identifier="C" fixed="true">
instinct
</simpleChoice>
<simpleChoice identifier="D" fixed="true">
intrinsic
</simpleChoice>
</choiceInteraction>
</itemBody>
<responseProcessing template="http://www.imsglobal.org/question/qti_v2p1/rptemplates/match_correct"/>
</assessmentItem>