<?xml version="1.0" encoding="UTF-8"?>
<assessmentItem identifier="Chapter10" title="Motivation and Emotion" adaptive="false" timeDependent="false" 
  xmlns:xsi="http://www.w3.org/2001/XMLSchema-instance" 
  xmlns="http://www.imsglobal.org/xsd/imsqti_v2p1"
  xsi:schemaLocation="http://www.imsglobal.org/xsd/imsqti_v2p1 http://www.imsglobal.org/xsd/qti/qtiv2p1/imsqti_v2p1p1.xsd">
    <responseDeclaration identifier="RESPONSE" cardinality="single" baseType="identifier">
<correctResponse>
<value>C</value>
</correctResponse>
</responseDeclaration>
     <outcomeDeclaration identifier="SCORE" cardinality="single" baseType="float" normalMaximum="1" normalMinimum="0">
      <defaultValue>
        <value>0</value>
      </defaultValue>
    </outcomeDeclaration>
  	<itemBody>
	<choiceInteraction responseIdentifier="RESPONSE" shuffle="false" maxChoices="1" id="choicereduction">
		<prompt id="prompt">What does set point theory suggest about the probable results of bariatric surgery?</prompt>
<simpleChoice identifier="A" fixed="true">
It has guaranteed that recipients will eventually reach their ideal weight.
</simpleChoice>
<simpleChoice identifier="B" fixed="true">
It is impossible to use set point theory to predict anything about the results of bariatric surgery.
</simpleChoice>
<simpleChoice identifier="C" fixed="true">
It will not result in long term weight loss because the body will resist change and seek its initial set point.
</simpleChoice>
<simpleChoice identifier="D" fixed="true">
It will result in successful weight loss for men but not for women because men have a lower set point.
</simpleChoice>
</choiceInteraction>
</itemBody>
<responseProcessing template="http://www.imsglobal.org/question/qti_v2p1/rptemplates/match_correct"/>
</assessmentItem>