<?xml version="1.0" encoding="UTF-8"?>
<assessmentItem identifier="Chapter10" title="Motivation and Emotion" adaptive="false" timeDependent="false" 
  xmlns:xsi="http://www.w3.org/2001/XMLSchema-instance" 
  xmlns="http://www.imsglobal.org/xsd/imsqti_v2p1"
  xsi:schemaLocation="http://www.imsglobal.org/xsd/imsqti_v2p1 http://www.imsglobal.org/xsd/qti/qtiv2p1/imsqti_v2p1p1.xsd">
    <responseDeclaration identifier="RESPONSE" cardinality="single" baseType="identifier">
<correctResponse>
<value>A</value>
</correctResponse>
</responseDeclaration>
     <outcomeDeclaration identifier="SCORE" cardinality="single" baseType="float" normalMaximum="1" normalMinimum="0">
      <defaultValue>
        <value>0</value>
      </defaultValue>
    </outcomeDeclaration>
  	<itemBody>
	<choiceInteraction responseIdentifier="RESPONSE" shuffle="false" maxChoices="1" id="choicereduction">
		<prompt id="prompt">What is Prader-Willi syndrome?</prompt>
<simpleChoice identifier="A" fixed="true">
a genetic disorder that results in persistent feelings of intense hunger and reduced rates of metabolism
</simpleChoice>
<simpleChoice identifier="B" fixed="true">
an eating disorder characterized by an individual maintaining body weight that is well below average through starvation and/or excessive exercise
</simpleChoice>
<simpleChoice identifier="C" fixed="true">
an emotional dysregulation disorder that causes people to have the wrong emotion to a precipitating stimulus
</simpleChoice>
<simpleChoice identifier="D" fixed="true">
a condition that involves an absence of interest in sexual fantasy or behaviors.
</simpleChoice>
</choiceInteraction>
</itemBody>
<responseProcessing template="http://www.imsglobal.org/question/qti_v2p1/rptemplates/match_correct"/>
</assessmentItem>