<?xml version="1.0" encoding="UTF-8"?>
<assessmentItem identifier="Chapter10" title="Motivation and Emotion" adaptive="false" timeDependent="false" 
  xmlns:xsi="http://www.w3.org/2001/XMLSchema-instance" 
  xmlns="http://www.imsglobal.org/xsd/imsqti_v2p1"
  xsi:schemaLocation="http://www.imsglobal.org/xsd/imsqti_v2p1 http://www.imsglobal.org/xsd/qti/qtiv2p1/imsqti_v2p1p1.xsd">
    <responseDeclaration identifier="RESPONSE" cardinality="single" baseType="identifier">
<correctResponse>
<value>B</value>
</correctResponse>
</responseDeclaration>
     <outcomeDeclaration identifier="SCORE" cardinality="single" baseType="float" normalMaximum="1" normalMinimum="0">
      <defaultValue>
        <value>0</value>
      </defaultValue>
    </outcomeDeclaration>
  	<itemBody>
	<choiceInteraction responseIdentifier="RESPONSE" shuffle="false" maxChoices="1" id="choicereduction">
		<prompt id="prompt">Anasophia binges on chocolates, then makes herself vomit so that she won&#8217;t retain any of the calories she just ingested. When she is not doing this she regular abuses laxatives in the hope that she will not absorb calories and gain weight. Anasophia has a normal body size, but has a great fear of gaining weight. It would be a good idea for Anasophia to be evaluated to see if she is suffering from &#95;&#95;&#95;&#95;&#95;&#95;&#95;&#95;.</prompt>
<simpleChoice identifier="A" fixed="true">
anorexia nervosa
</simpleChoice>
<simpleChoice identifier="B" fixed="true">
bulimia nervosa
</simpleChoice>
<simpleChoice identifier="C" fixed="true">
binge eating disorder
</simpleChoice>
<simpleChoice identifier="D" fixed="true">
Prader-Willi syndrome
</simpleChoice>
</choiceInteraction>
</itemBody>
<responseProcessing template="http://www.imsglobal.org/question/qti_v2p1/rptemplates/match_correct"/>
</assessmentItem>