<?xml version="1.0" encoding="UTF-8"?>
<assessmentItem identifier="Chapter10" title="Motivation and Emotion" adaptive="false" timeDependent="false" 
  xmlns:xsi="http://www.w3.org/2001/XMLSchema-instance" 
  xmlns="http://www.imsglobal.org/xsd/imsqti_v2p1"
  xsi:schemaLocation="http://www.imsglobal.org/xsd/imsqti_v2p1 http://www.imsglobal.org/xsd/qti/qtiv2p1/imsqti_v2p1p1.xsd">
    <responseDeclaration identifier="RESPONSE" cardinality="single" baseType="identifier">
<correctResponse>
<value>C</value>
</correctResponse>
</responseDeclaration>
     <outcomeDeclaration identifier="SCORE" cardinality="single" baseType="float" normalMaximum="1" normalMinimum="0">
      <defaultValue>
        <value>0</value>
      </defaultValue>
    </outcomeDeclaration>
  	<itemBody>
	<choiceInteraction responseIdentifier="RESPONSE" shuffle="false" maxChoices="1" id="choicereduction">
		<prompt id="prompt">Dr. Korkolos is a surgeon who conducts procedures that modify a patient&#8217;s gastrointestinal system so that they can only eat or absorb a limited amount of food. Dr. Korkolos&#8217;s expertise is in &#95;&#95;&#95;&#95;&#95;&#95;&#95;&#95; surgery.</prompt>
<simpleChoice identifier="A" fixed="true">
abdominoplasty
</simpleChoice>
<simpleChoice identifier="B" fixed="true">
colonic resection
</simpleChoice>
<simpleChoice identifier="C" fixed="true">
bariatric
</simpleChoice>
<simpleChoice identifier="D" fixed="true">
hepatic rerouting
</simpleChoice>
</choiceInteraction>
</itemBody>
<responseProcessing template="http://www.imsglobal.org/question/qti_v2p1/rptemplates/match_correct"/>
</assessmentItem>