<?xml version="1.0" encoding="UTF-8"?>
<assessmentItem identifier="Chapter10" title="Motivation and Emotion" adaptive="false" timeDependent="false" 
  xmlns:xsi="http://www.w3.org/2001/XMLSchema-instance" 
  xmlns="http://www.imsglobal.org/xsd/imsqti_v2p1"
  xsi:schemaLocation="http://www.imsglobal.org/xsd/imsqti_v2p1 http://www.imsglobal.org/xsd/qti/qtiv2p1/imsqti_v2p1p1.xsd">
    <responseDeclaration identifier="RESPONSE" cardinality="single" baseType="identifier">
<correctResponse>
<value>D</value>
</correctResponse>
</responseDeclaration>
     <outcomeDeclaration identifier="SCORE" cardinality="single" baseType="float" normalMaximum="1" normalMinimum="0">
      <defaultValue>
        <value>0</value>
      </defaultValue>
    </outcomeDeclaration>
  	<itemBody>
	<choiceInteraction responseIdentifier="RESPONSE" shuffle="false" maxChoices="1" id="choicereduction">
		<prompt id="prompt">What is the primary distinction between bulimia nervosa and binge eating disorder?</prompt>
<simpleChoice identifier="A" fixed="true">
Those with binge eating disorder are typically very overweight while those with bulimia nervosa are typically very underweight.
</simpleChoice>
<simpleChoice identifier="B" fixed="true">
Those with bulimia nervosa are typically very overweight while those with binge eating disorder are typically very underweight.
</simpleChoice>
<simpleChoice identifier="C" fixed="true">
Binge eating disorder involves inappropriate purging behaviors while binge nervosa does not.
</simpleChoice>
<simpleChoice identifier="D" fixed="true">
Bulimia nervosa involves inappropriate purging behaviors while binge eating disorder does not.
</simpleChoice>
</choiceInteraction>
</itemBody>
<responseProcessing template="http://www.imsglobal.org/question/qti_v2p1/rptemplates/match_correct"/>
</assessmentItem>