<?xml version="1.0" encoding="UTF-8"?>
<assessmentItem identifier="Chapter10" title="Motivation and Emotion" adaptive="false" timeDependent="false" 
  xmlns:xsi="http://www.w3.org/2001/XMLSchema-instance" 
  xmlns="http://www.imsglobal.org/xsd/imsqti_v2p1"
  xsi:schemaLocation="http://www.imsglobal.org/xsd/imsqti_v2p1 http://www.imsglobal.org/xsd/qti/qtiv2p1/imsqti_v2p1p1.xsd">
    <responseDeclaration identifier="RESPONSE" cardinality="single" baseType="identifier">
<correctResponse>
<value>A</value>
</correctResponse>
</responseDeclaration>
     <outcomeDeclaration identifier="SCORE" cardinality="single" baseType="float" normalMaximum="1" normalMinimum="0">
      <defaultValue>
        <value>0</value>
      </defaultValue>
    </outcomeDeclaration>
  	<itemBody>
	<choiceInteraction responseIdentifier="RESPONSE" shuffle="false" maxChoices="1" id="choicereduction">
		<prompt id="prompt">The &#95;&#95;&#95;&#95;&#95;&#95;&#95;&#95; complex and the central &#95;&#95;&#95;&#95;&#95;&#95;&#95;&#95; are both part of the amygdala.</prompt>
<simpleChoice identifier="A" fixed="true">
basolateral; nucleus
</simpleChoice>
<simpleChoice identifier="B" fixed="true">
James-Lange; basal
</simpleChoice>
<simpleChoice identifier="C" fixed="true">
dorsal; sulcus
</simpleChoice>
<simpleChoice identifier="D" fixed="true">
Yerkes; ventromedial
</simpleChoice>
</choiceInteraction>
</itemBody>
<responseProcessing template="http://www.imsglobal.org/question/qti_v2p1/rptemplates/match_correct"/>
</assessmentItem>