<?xml version="1.0" encoding="UTF-8"?>
<assessmentItem identifier="Chapter10" title="Motivation and Emotion" adaptive="false" timeDependent="false" 
  xmlns:xsi="http://www.w3.org/2001/XMLSchema-instance" 
  xmlns="http://www.imsglobal.org/xsd/imsqti_v2p1"
  xsi:schemaLocation="http://www.imsglobal.org/xsd/imsqti_v2p1 http://www.imsglobal.org/xsd/qti/qtiv2p1/imsqti_v2p1p1.xsd">
    <responseDeclaration identifier="RESPONSE" cardinality="single" baseType="identifier">
<correctResponse>
<value>A</value>
</correctResponse>
</responseDeclaration>
     <outcomeDeclaration identifier="SCORE" cardinality="single" baseType="float" normalMaximum="1" normalMinimum="0">
      <defaultValue>
        <value>0</value>
      </defaultValue>
    </outcomeDeclaration>
  	<itemBody>
	<choiceInteraction responseIdentifier="RESPONSE" shuffle="false" maxChoices="1" id="choicereduction">
		<prompt id="prompt">When one considers the majority of the scientific data that are available, what can be said about sexual orientation?</prompt>
<simpleChoice identifier="A" fixed="true">
Sexual orientation is something with which we are born.
</simpleChoice>
<simpleChoice identifier="B" fixed="true">
It is our environmental experiences early in life that determines our sexual orientation.
</simpleChoice>
<simpleChoice identifier="C" fixed="true">
There is no clear indication that anything we can identify explains sexual orientation.
</simpleChoice>
<simpleChoice identifier="D" fixed="true">
Most people are heterosexual and only some sort of life trauma results in a non-heterosexual orientation.
</simpleChoice>
</choiceInteraction>
</itemBody>
<responseProcessing template="http://www.imsglobal.org/question/qti_v2p1/rptemplates/match_correct"/>
</assessmentItem>