<?xml version="1.0" encoding="UTF-8"?>
<assessmentItem identifier="Chapter10" title="Motivation and Emotion" adaptive="false" timeDependent="false" 
  xmlns:xsi="http://www.w3.org/2001/XMLSchema-instance" 
  xmlns="http://www.imsglobal.org/xsd/imsqti_v2p1"
  xsi:schemaLocation="http://www.imsglobal.org/xsd/imsqti_v2p1 http://www.imsglobal.org/xsd/qti/qtiv2p1/imsqti_v2p1p1.xsd">
  <responseDeclaration identifier="RESPONSE" cardinality="single" baseType="string" />
    <outcomeDeclaration identifier="SCORE" cardinality="single" baseType="float" normalMaximum="1" normalMinimum="0"/>	<itemBody>
		<extendedTextInteraction format="plain" minStrings="1" responseIdentifier="RESPONSE">
			<prompt id="prompt">How is an emotion different from mood?</prompt>
	</extendedTextInteraction>
	<p>Sample Answer: An emotion is a subjective, affective state of being that we often describe as our feelings, and mood refers to a prolonged, less intense, affective state that does not occur in response to something we experience.</p>
	</itemBody></assessmentItem>
	
	
	
	
	