<?xml version="1.0" encoding="UTF-8"?>
<assessmentItem identifier="Chapter10" title="Motivation and Emotion" adaptive="false" timeDependent="false" 
  xmlns:xsi="http://www.w3.org/2001/XMLSchema-instance" 
  xmlns="http://www.imsglobal.org/xsd/imsqti_v2p1"
  xsi:schemaLocation="http://www.imsglobal.org/xsd/imsqti_v2p1 http://www.imsglobal.org/xsd/qti/qtiv2p1/imsqti_v2p1p1.xsd">
  <responseDeclaration identifier="RESPONSE" cardinality="single" baseType="string" />
    <outcomeDeclaration identifier="SCORE" cardinality="single" baseType="float" normalMaximum="1" normalMinimum="0"/>	<itemBody>
		<extendedTextInteraction format="plain" minStrings="1" responseIdentifier="RESPONSE">
			<prompt id="prompt">Explain why an individual&#8217;s sense of self-efficacy plays a pivotal role in motivating behavior.</prompt>
	</extendedTextInteraction>
	<p>Sample Answer: Self-efficacy is an individual&#8217;s belief in her own capability to complete a task. Bandura theorized that an individual&#8217;s sense of self-efficacy plays a pivotal role in motivating behavior because motivation derives from expectations that we have about the consequences of our behaviors; ultimately, it is the appreciation of our capacity to engage in a given behavior that will determine what we do and the future goals that we set for ourselves.</p>
	</itemBody></assessmentItem>