<?xml version="1.0" encoding="UTF-8"?>
<assessmentItem identifier="Chapter10" title="Motivation and Emotion" adaptive="false" timeDependent="false" 
  xmlns:xsi="http://www.w3.org/2001/XMLSchema-instance" 
  xmlns="http://www.imsglobal.org/xsd/imsqti_v2p1"
  xsi:schemaLocation="http://www.imsglobal.org/xsd/imsqti_v2p1 http://www.imsglobal.org/xsd/qti/qtiv2p1/imsqti_v2p1p1.xsd">
  <responseDeclaration identifier="RESPONSE" cardinality="single" baseType="string" />
    <outcomeDeclaration identifier="SCORE" cardinality="single" baseType="float" normalMaximum="1" normalMinimum="0"/>	<itemBody>
		<extendedTextInteraction format="plain" minStrings="1" responseIdentifier="RESPONSE">
			<prompt id="prompt">Compare and contrast the James-Lange, the Cannon-Bard, and the Schachter-Singer two-factor theories of emotions.</prompt>
	</extendedTextInteraction>
	<p>The James-Lange theory of emotion asserts that emotions arise from physiological arousal. According to the James-Lange theory of emotion, you would only experience a feeling of fear after this physiological arousal had taken place. The Cannon-Bard theory indicates that physiological arousal and emotional experience occur simultaneously, yet independently.  This emotional reaction would be separate and independent of the physiological arousal, even though they co-occur. The Schachter-Singer two-factor theoryof emotion is another variation on theories of emotions that takes into account both physiological arousal and the emotional experience. According to this theory, emotions are composed of two factors: physiological and cognitive. In other words, physiological arousal is interpreted in context to produce the emotional experience.</p>
	</itemBody></assessmentItem>