<?xml version="1.0" encoding="UTF-8"?>
<assessmentItem identifier="Chapter5" title="Sensation and Perception" adaptive="false" timeDependent="false" 
  xmlns:xsi="http://www.w3.org/2001/XMLSchema-instance" 
  xmlns="http://www.imsglobal.org/xsd/imsqti_v2p1"
  xsi:schemaLocation="http://www.imsglobal.org/xsd/imsqti_v2p1 http://www.imsglobal.org/xsd/qti/qtiv2p1/imsqti_v2p1p1.xsd">
    <responseDeclaration identifier="RESPONSE" cardinality="single" baseType="identifier">
<correctResponse>
<value>B</value>
</correctResponse>
</responseDeclaration>
     <outcomeDeclaration identifier="SCORE" cardinality="single" baseType="float" normalMaximum="1" normalMinimum="0">
      <defaultValue>
        <value>0</value>
      </defaultValue>
    </outcomeDeclaration>
  	<itemBody>
	<choiceInteraction responseIdentifier="RESPONSE" shuffle="false" maxChoices="1" id="choicereduction">
		<prompt id="prompt">Participants were instructed to focus on either white or black objects, disregarding the other color. When a red cross passed across the screen, about one third of the subjects did not notice it. This research protocol demonstrates which concept?</prompt>
<simpleChoice identifier="A" fixed="true">
bottom-up processing
</simpleChoice>
<simpleChoice identifier="B" fixed="true">
inattentional blindness
</simpleChoice>
<simpleChoice identifier="C" fixed="true">
sensory adaptation
</simpleChoice>
<simpleChoice identifier="D" fixed="true">
top-down processing
</simpleChoice>
</choiceInteraction>
</itemBody>
<responseProcessing template="http://www.imsglobal.org/question/qti_v2p1/rptemplates/match_correct"/>
</assessmentItem>