<?xml version="1.0" encoding="UTF-8"?>
<assessmentItem identifier="Chapter5" title="Sensation and Perception" adaptive="false" timeDependent="false" 
  xmlns:xsi="http://www.w3.org/2001/XMLSchema-instance" 
  xmlns="http://www.imsglobal.org/xsd/imsqti_v2p1"
  xsi:schemaLocation="http://www.imsglobal.org/xsd/imsqti_v2p1 http://www.imsglobal.org/xsd/qti/qtiv2p1/imsqti_v2p1p1.xsd">
    <responseDeclaration identifier="RESPONSE" cardinality="single" baseType="identifier">
<correctResponse>
<value>A</value>
</correctResponse>
</responseDeclaration>
     <outcomeDeclaration identifier="SCORE" cardinality="single" baseType="float" normalMaximum="1" normalMinimum="0">
      <defaultValue>
        <value>0</value>
      </defaultValue>
    </outcomeDeclaration>
  	<itemBody>
	<choiceInteraction responseIdentifier="RESPONSE" shuffle="false" maxChoices="1" id="choicereduction">
		<prompt id="prompt">Sarit is at a bar full of music, chatter, and laughter. He gets involved in an interesting conversation with a woman named Mona, and he tunes out all the background noise. Sarit&#8217;s friend, Karen, taps him on the shoulder and asks what song just played on the jukebox. Sarit says he doesn&#8217;t know, even though he is sitting right next to the jukebox and is familiar with popular music. This illustrates the role that &#95;&#95;&#95;&#95;&#95;&#95;&#95;&#95; plays in what is sensed versus what is perceived.</prompt>
<simpleChoice identifier="A" fixed="true">
attention
</simpleChoice>
<simpleChoice identifier="B" fixed="true">
friendship
</simpleChoice>
<simpleChoice identifier="C" fixed="true">
habit 
</simpleChoice>
<simpleChoice identifier="D" fixed="true">
mood
</simpleChoice>
</choiceInteraction>
</itemBody>
<responseProcessing template="http://www.imsglobal.org/question/qti_v2p1/rptemplates/match_correct"/>
</assessmentItem>