<?xml version="1.0" encoding="UTF-8"?>
<assessmentItem identifier="Chapter5" title="Sensation and Perception" adaptive="false" timeDependent="false" 
  xmlns:xsi="http://www.w3.org/2001/XMLSchema-instance" 
  xmlns="http://www.imsglobal.org/xsd/imsqti_v2p1"
  xsi:schemaLocation="http://www.imsglobal.org/xsd/imsqti_v2p1 http://www.imsglobal.org/xsd/qti/qtiv2p1/imsqti_v2p1p1.xsd">
    <responseDeclaration identifier="RESPONSE" cardinality="single" baseType="identifier">
<correctResponse>
<value>D</value>
</correctResponse>
</responseDeclaration>
     <outcomeDeclaration identifier="SCORE" cardinality="single" baseType="float" normalMaximum="1" normalMinimum="0">
      <defaultValue>
        <value>0</value>
      </defaultValue>
    </outcomeDeclaration>
  	<itemBody>
	<choiceInteraction responseIdentifier="RESPONSE" shuffle="false" maxChoices="1" id="choicereduction">
		<prompt id="prompt">Catherine is at a crowded baseball game when she loses track of her son, Nick. Despite the loud cheering and noise of the crowd, she can pinpoint his location when he calls for her because she can distinguish the sound of his voice from the all the other voices. This illustrates &#95;&#95;&#95;&#95;&#95;&#95;&#95;&#95; theory.</prompt>
<simpleChoice identifier="A" fixed="true">
absolute threshold
</simpleChoice>
<simpleChoice identifier="B" fixed="true">
just noticeable difference
</simpleChoice>
<simpleChoice identifier="C" fixed="true">
Weber&#8217;s
</simpleChoice>
<simpleChoice identifier="D" fixed="true">
signal detection
</simpleChoice>
</choiceInteraction>
</itemBody>
<responseProcessing template="http://www.imsglobal.org/question/qti_v2p1/rptemplates/match_correct"/>
</assessmentItem>