<?xml version="1.0" encoding="UTF-8"?>
<assessmentItem identifier="Chapter5" title="Sensation and Perception" adaptive="false" timeDependent="false" 
  xmlns:xsi="http://www.w3.org/2001/XMLSchema-instance" 
  xmlns="http://www.imsglobal.org/xsd/imsqti_v2p1"
  xsi:schemaLocation="http://www.imsglobal.org/xsd/imsqti_v2p1 http://www.imsglobal.org/xsd/qti/qtiv2p1/imsqti_v2p1p1.xsd">
    <responseDeclaration identifier="RESPONSE" cardinality="single" baseType="identifier">
<correctResponse>
<value>B</value>
</correctResponse>
</responseDeclaration>
     <outcomeDeclaration identifier="SCORE" cardinality="single" baseType="float" normalMaximum="1" normalMinimum="0">
      <defaultValue>
        <value>0</value>
      </defaultValue>
    </outcomeDeclaration>
  	<itemBody>
	<choiceInteraction responseIdentifier="RESPONSE" shuffle="false" maxChoices="1" id="choicereduction">
		<prompt id="prompt">As you are talking to a friend on your cell phone, you might find that you can&#8217;t hear them because they are speaking very softly. If you ask them to &#8220;speak up,&#8221; from a physical perspective you are asking them to &#95;&#95;&#95;&#95;&#95;&#95;&#95;&#95; of the sound waves they are producing.</prompt>
<simpleChoice identifier="A" fixed="true">
increase the frequency
</simpleChoice>
<simpleChoice identifier="B" fixed="true">
increase the amplitude
</simpleChoice>
<simpleChoice identifier="C" fixed="true">
decrease the frequency
</simpleChoice>
<simpleChoice identifier="D" fixed="true">
decrease the amplitude
</simpleChoice>
</choiceInteraction>
</itemBody>
<responseProcessing template="http://www.imsglobal.org/question/qti_v2p1/rptemplates/match_correct"/>
</assessmentItem>