<?xml version="1.0" encoding="UTF-8"?>
<assessmentItem identifier="Chapter5" title="Sensation and Perception" adaptive="false" timeDependent="false" 
  xmlns:xsi="http://www.w3.org/2001/XMLSchema-instance" 
  xmlns="http://www.imsglobal.org/xsd/imsqti_v2p1"
  xsi:schemaLocation="http://www.imsglobal.org/xsd/imsqti_v2p1 http://www.imsglobal.org/xsd/qti/qtiv2p1/imsqti_v2p1p1.xsd">
    <responseDeclaration identifier="RESPONSE" cardinality="single" baseType="identifier">
<correctResponse>
<value>B</value>
</correctResponse>
</responseDeclaration>
     <outcomeDeclaration identifier="SCORE" cardinality="single" baseType="float" normalMaximum="1" normalMinimum="0">
      <defaultValue>
        <value>0</value>
      </defaultValue>
    </outcomeDeclaration>
  	<itemBody>
	<choiceInteraction responseIdentifier="RESPONSE" shuffle="false" maxChoices="1" id="choicereduction">
		<prompt id="prompt">Ravon is deaf. He was born without the ability to hear, and has never experienced an auditory stimulus. When people write using &#8220;sound&#8221; type words like &#8220;loud,&#8221; &#8220;soft,&#8221; and &#8220;quiet,&#8221; he sometimes has difficulty understanding what they are trying to convey. Ravon has &#95;&#95;&#95;&#95;&#95;&#95;&#95;&#95; deafness.</prompt>
<simpleChoice identifier="A" fixed="true">
conductive
</simpleChoice>
<simpleChoice identifier="B" fixed="true">
congenital
</simpleChoice>
<simpleChoice identifier="C" fixed="true">
sensorineural
</simpleChoice>
<simpleChoice identifier="D" fixed="true">
acoustic
</simpleChoice>
</choiceInteraction>
</itemBody>
<responseProcessing template="http://www.imsglobal.org/question/qti_v2p1/rptemplates/match_correct"/>
</assessmentItem>