<?xml version="1.0" encoding="UTF-8"?>
<assessmentItem identifier="Chapter5" title="Sensation and Perception" adaptive="false" timeDependent="false" 
  xmlns:xsi="http://www.w3.org/2001/XMLSchema-instance" 
  xmlns="http://www.imsglobal.org/xsd/imsqti_v2p1"
  xsi:schemaLocation="http://www.imsglobal.org/xsd/imsqti_v2p1 http://www.imsglobal.org/xsd/qti/qtiv2p1/imsqti_v2p1p1.xsd">
    <responseDeclaration identifier="RESPONSE" cardinality="single" baseType="identifier">
<correctResponse>
<value>A</value>
</correctResponse>
</responseDeclaration>
     <outcomeDeclaration identifier="SCORE" cardinality="single" baseType="float" normalMaximum="1" normalMinimum="0">
      <defaultValue>
        <value>0</value>
      </defaultValue>
    </outcomeDeclaration>
  	<itemBody>
	<choiceInteraction responseIdentifier="RESPONSE" shuffle="false" maxChoices="1" id="choicereduction">
		<prompt id="prompt">Akeelah extended her arm in front of her and then extended one of her fingers. She focused on that finger. Next, she closed her left eye without moving her head; then she opened her left eye and closed her right eye without moving her head. She noticed that her finger seemed to shift as she alternated between the two eyes because of the slightly different view each eye had of her finger. What is illustrated by this example?</prompt>
<simpleChoice identifier="A" fixed="true">
binocular disparity
</simpleChoice>
<simpleChoice identifier="B" fixed="true">
bottom-up processing
</simpleChoice>
<simpleChoice identifier="C" fixed="true">
oculomotor convergence
</simpleChoice>
<simpleChoice identifier="D" fixed="true">
top-down processing
</simpleChoice>
</choiceInteraction>
</itemBody>
<responseProcessing template="http://www.imsglobal.org/question/qti_v2p1/rptemplates/match_correct"/>
</assessmentItem>