<?xml version="1.0" encoding="UTF-8"?>
<assessmentItem identifier="Chapter5" title="Sensation and Perception" adaptive="false" timeDependent="false" 
  xmlns:xsi="http://www.w3.org/2001/XMLSchema-instance" 
  xmlns="http://www.imsglobal.org/xsd/imsqti_v2p1"
  xsi:schemaLocation="http://www.imsglobal.org/xsd/imsqti_v2p1 http://www.imsglobal.org/xsd/qti/qtiv2p1/imsqti_v2p1p1.xsd">
    <responseDeclaration identifier="RESPONSE" cardinality="single" baseType="identifier">
<correctResponse>
<value>A</value>
</correctResponse>
</responseDeclaration>
     <outcomeDeclaration identifier="SCORE" cardinality="single" baseType="float" normalMaximum="1" normalMinimum="0">
      <defaultValue>
        <value>0</value>
      </defaultValue>
    </outcomeDeclaration>
  	<itemBody>
	<choiceInteraction responseIdentifier="RESPONSE" shuffle="false" maxChoices="1" id="choicereduction">
		<prompt id="prompt">Light waves are first transmitted through the &#95;&#95;&#95;&#95;&#95;&#95;&#95;&#95; at the front of the eye and enter an opening called the &#95;&#95;&#95;&#95;&#95;&#95;&#95;&#95; before shining onto the retina.</prompt>
<simpleChoice identifier="A" fixed="true">
cornea; pupil
</simpleChoice>
<simpleChoice identifier="B" fixed="true">
sclera; lens
</simpleChoice>
<simpleChoice identifier="C" fixed="true">
lens; sclera
</simpleChoice>
<simpleChoice identifier="D" fixed="true">
pupil; cornea
</simpleChoice>
</choiceInteraction>
</itemBody>
<responseProcessing template="http://www.imsglobal.org/question/qti_v2p1/rptemplates/match_correct"/>
</assessmentItem>