<?xml version="1.0" encoding="UTF-8"?>
<assessmentItem identifier="Chapter5" title="Sensation and Perception" adaptive="false" timeDependent="false" 
  xmlns:xsi="http://www.w3.org/2001/XMLSchema-instance" 
  xmlns="http://www.imsglobal.org/xsd/imsqti_v2p1"
  xsi:schemaLocation="http://www.imsglobal.org/xsd/imsqti_v2p1 http://www.imsglobal.org/xsd/qti/qtiv2p1/imsqti_v2p1p1.xsd">
    <responseDeclaration identifier="RESPONSE" cardinality="single" baseType="identifier">
<correctResponse>
<value>C</value>
</correctResponse>
</responseDeclaration>
     <outcomeDeclaration identifier="SCORE" cardinality="single" baseType="float" normalMaximum="1" normalMinimum="0">
      <defaultValue>
        <value>0</value>
      </defaultValue>
    </outcomeDeclaration>
  	<itemBody>
	<choiceInteraction responseIdentifier="RESPONSE" shuffle="false" maxChoices="1" id="choicereduction">
		<prompt id="prompt">Why are olfaction and gustation called chemical senses?</prompt>
<simpleChoice identifier="A" fixed="true">
Neither one has sensory receptors that respond to molecules in the food we eat or in the air we breathe.
</simpleChoice>
<simpleChoice identifier="B" fixed="true">
Because they are unrelated to biological senses.
</simpleChoice>
<simpleChoice identifier="C" fixed="true">
They have sensory receptors that respond to molecules in the food we eat or in the air we breathe.
</simpleChoice>
<simpleChoice identifier="D" fixed="true">
We cannot use these senses without the presence of specific chemicals in the body.
</simpleChoice>
</choiceInteraction>
</itemBody>
<responseProcessing template="http://www.imsglobal.org/question/qti_v2p1/rptemplates/match_correct"/>
</assessmentItem>