<?xml version="1.0" encoding="UTF-8"?>
<assessmentItem identifier="Chapter5" title="Sensation and Perception" adaptive="false" timeDependent="false" 
  xmlns:xsi="http://www.w3.org/2001/XMLSchema-instance" 
  xmlns="http://www.imsglobal.org/xsd/imsqti_v2p1"
  xsi:schemaLocation="http://www.imsglobal.org/xsd/imsqti_v2p1 http://www.imsglobal.org/xsd/qti/qtiv2p1/imsqti_v2p1p1.xsd">
    <responseDeclaration identifier="RESPONSE" cardinality="single" baseType="identifier">
<correctResponse>
<value>A</value>
</correctResponse>
</responseDeclaration>
     <outcomeDeclaration identifier="SCORE" cardinality="single" baseType="float" normalMaximum="1" normalMinimum="0">
      <defaultValue>
        <value>0</value>
      </defaultValue>
    </outcomeDeclaration>
  	<itemBody>
	<choiceInteraction responseIdentifier="RESPONSE" shuffle="false" maxChoices="1" id="choicereduction">
		<prompt id="prompt">One principle of civil engineering is that when you design a highway you should have traffic flow in the same direction and avoid interruptions to that flow as much as possible. Exit ramps tend to be curved so that cars don&#8217;t have to stop rather than having 90-degree angles that force stops and starts. This is an application of which Gestalt principle?</prompt>
<simpleChoice identifier="A" fixed="true">
good continuation
</simpleChoice>
<simpleChoice identifier="B" fixed="true">
closure
</simpleChoice>
<simpleChoice identifier="C" fixed="true">
proximity
</simpleChoice>
<simpleChoice identifier="D" fixed="true">
contiguity
</simpleChoice>
</choiceInteraction>
</itemBody>
<responseProcessing template="http://www.imsglobal.org/question/qti_v2p1/rptemplates/match_correct"/>
</assessmentItem>