<?xml version="1.0" encoding="UTF-8"?>
 
 
 
<assessmentItem identifier="Chapter5" title="Sensation and Perception" adaptive="false" timeDependent="false" 
  xmlns:xsi="http://www.w3.org/2001/XMLSchema-instance" 
  xmlns="http://www.imsglobal.org/xsd/imsqti_v2p1"
  xsi:schemaLocation="http://www.imsglobal.org/xsd/imsqti_v2p1 http://www.imsglobal.org/xsd/qti/qtiv2p1/imsqti_v2p1p1.xsd">
    <responseDeclaration identifier="RESPONSE" cardinality="single" baseType="string"/>
   <outcomeDeclaration identifier="SCORE" cardinality="single" baseType="float" normalMaximum="1" normalMinimum="0"/>
      <itemBody>
        <extendedTextInteraction format="plain" minStrings="1" responseIdentifier="RESPONSE">
            <prompt id="prompt">Describe how visual information is processed in parallel pathways.</prompt>
    </extendedTextInteraction>
 
 
 
    <p>Sample Answer: Visual information might be processed in parallel pathways that can generally be described as the &#8220;what pathway&#8221; and the &#8220;where/how pathway.&#8221; The &#8220;what pathway&#8221; is involved in object recognition and identification; the &#8220;where/how pathway&#8221; is involved in location in space and how one might interact with a particular visual stimulus. For example, when you see a ball rolling down the street, the &#8220;what pathway&#8221; identifies what the object is, and the &#8220;where/how pathway&#8221; identifies its location or movement in space.</p>
 
 
 
    </itemBody>
</assessmentItem>
 