<?xml version="1.0" encoding="UTF-8"?>
<assessmentItem identifier="Chapter5" title="Sensation and Perception" adaptive="false" timeDependent="false" 
  xmlns:xsi="http://www.w3.org/2001/XMLSchema-instance" 
  xmlns="http://www.imsglobal.org/xsd/imsqti_v2p1"
  xsi:schemaLocation="http://www.imsglobal.org/xsd/imsqti_v2p1 http://www.imsglobal.org/xsd/qti/qtiv2p1/imsqti_v2p1p1.xsd">
    <responseDeclaration identifier="RESPONSE" cardinality="single" baseType="identifier">
<correctResponse>
<value>B</value>
</correctResponse>
</responseDeclaration>
     <outcomeDeclaration identifier="SCORE" cardinality="single" baseType="float" normalMaximum="1" normalMinimum="0">
      <defaultValue>
        <value>0</value>
      </defaultValue>
    </outcomeDeclaration>
  	<itemBody>
	<choiceInteraction responseIdentifier="RESPONSE" shuffle="false" maxChoices="1" id="choicereduction">
		<prompt id="prompt">When a child works on a &#8220;connect the dots&#8221; puzzle, she can often see the completed work before she has finished all of the dots. Once there is enough visual information present, she&#8217;s able to perceive the completed picture even though it is still incomplete. Which Gestalt principle does this demonstrate?</prompt>
<simpleChoice identifier="A" fixed="true">
good continuation
</simpleChoice>
<simpleChoice identifier="B" fixed="true">
closure
</simpleChoice>
<simpleChoice identifier="C" fixed="true">
proximity
</simpleChoice>
<simpleChoice identifier="D" fixed="true">
contiguity
</simpleChoice>
</choiceInteraction>
</itemBody>
<responseProcessing template="http://www.imsglobal.org/question/qti_v2p1/rptemplates/match_correct"/>
</assessmentItem>