<?xml version="1.0" encoding="UTF-8"?>
 
 
 
<assessmentItem identifier="Chapter5" title="Sensation and Perception" adaptive="false" timeDependent="false" 
  xmlns:xsi="http://www.w3.org/2001/XMLSchema-instance" 
  xmlns="http://www.imsglobal.org/xsd/imsqti_v2p1"
  xsi:schemaLocation="http://www.imsglobal.org/xsd/imsqti_v2p1 http://www.imsglobal.org/xsd/qti/qtiv2p1/imsqti_v2p1p1.xsd">
    <responseDeclaration identifier="RESPONSE" cardinality="single" baseType="string"/>
   <outcomeDeclaration identifier="SCORE" cardinality="single" baseType="float" normalMaximum="1" normalMinimum="0"/>
      <itemBody>
        <extendedTextInteraction format="plain" minStrings="1" responseIdentifier="RESPONSE">
            <prompt id="prompt">How is inflammatory pain different from neuropathic pain?</prompt>
    </extendedTextInteraction>
 
 
 
    <p>Sample Answer: Pain that signals some type of tissue damage is known as inflammatory pain. In some situations, pain results from damage to neurons of either the peripheral or central nervous system. As a result, pain signals that are sent to the brain get exaggerated. This type of pain is known as neuropathic pain.</p>
 
 
 
    </itemBody>
</assessmentItem>
 