<?xml version="1.0" encoding="UTF-8"?>
<assessmentItem identifier="Chapter15" title="Psychological Disorders" adaptive="false" timeDependent="false" 
  xmlns:xsi="http://www.w3.org/2001/XMLSchema-instance" 
  xmlns="http://www.imsglobal.org/xsd/imsqti_v2p1"
  xsi:schemaLocation="http://www.imsglobal.org/xsd/imsqti_v2p1 http://www.imsglobal.org/xsd/qti/qtiv2p1/imsqti_v2p1p1.xsd">
    <responseDeclaration identifier="RESPONSE" cardinality="single" baseType="identifier">
<correctResponse>
<value>A</value>
</correctResponse>
</responseDeclaration>
     <outcomeDeclaration identifier="SCORE" cardinality="single" baseType="float" normalMaximum="1" normalMinimum="0">
      <defaultValue>
        <value>0</value>
      </defaultValue>
    </outcomeDeclaration>
  	<itemBody>
	<choiceInteraction responseIdentifier="RESPONSE" shuffle="false" maxChoices="1" id="choicereduction">
		<prompt id="prompt">Which of the following is an example of a diathesis-stress model?</prompt>
<simpleChoice identifier="A" fixed="true">
Ozzie has a genetic predisposition towards depression, but he did not experience depression until his mother and father died.
</simpleChoice>
<simpleChoice identifier="B" fixed="true">
Ozzie treats his depression by exposing himself to a series of stressors so he can learn coping skills.
</simpleChoice>
<simpleChoice identifier="C" fixed="true">
Ozzie treats his manic episodes by using medication to induce depression.
</simpleChoice>
<simpleChoice identifier="D" fixed="true">
Ozzie&#8217;s doctor does not believe that mental illness has a biological basis.
</simpleChoice>
</choiceInteraction>
</itemBody>
<responseProcessing template="http://www.imsglobal.org/question/qti_v2p1/rptemplates/match_correct"/>
</assessmentItem>