<?xml version="1.0" encoding="UTF-8"?>
<assessmentItem identifier="Chapter15" title="Psychological Disorders" adaptive="false" timeDependent="false" 
  xmlns:xsi="http://www.w3.org/2001/XMLSchema-instance" 
  xmlns="http://www.imsglobal.org/xsd/imsqti_v2p1"
  xsi:schemaLocation="http://www.imsglobal.org/xsd/imsqti_v2p1 http://www.imsglobal.org/xsd/qti/qtiv2p1/imsqti_v2p1p1.xsd">
    <responseDeclaration identifier="RESPONSE" cardinality="single" baseType="identifier">
<correctResponse>
<value>D</value>
</correctResponse>
</responseDeclaration>
     <outcomeDeclaration identifier="SCORE" cardinality="single" baseType="float" normalMaximum="1" normalMinimum="0">
      <defaultValue>
        <value>0</value>
      </defaultValue>
    </outcomeDeclaration>
  	<itemBody>
	<choiceInteraction responseIdentifier="RESPONSE" shuffle="false" maxChoices="1" id="choicereduction">
		<prompt id="prompt">Which of the following is the best example of a compulsion?</prompt>
<simpleChoice identifier="A" fixed="true">
Will cannot stop thinking about the exam that he has in chemistry tomorrow.
</simpleChoice>
<simpleChoice identifier="B" fixed="true">
Luke is wearing a bandage for longer than needed to make sure his cut is fully healed.
</simpleChoice>
<simpleChoice identifier="C" fixed="true">
Jean wears both sunglasses <em>and </em>a hat to keep the sun out of her eyes.
</simpleChoice>
<simpleChoice identifier="D" fixed="true">
Jordy locks his door exactly nine times every time he leaves the house to make <em>sure </em>it is locked.
</simpleChoice>
</choiceInteraction>
</itemBody>
<responseProcessing template="http://www.imsglobal.org/question/qti_v2p1/rptemplates/match_correct"/>
</assessmentItem>