<?xml version="1.0" encoding="UTF-8"?>
<assessmentItem identifier="Chapter15" title="Psychological Disorders" adaptive="false" timeDependent="false" 
  xmlns:xsi="http://www.w3.org/2001/XMLSchema-instance" 
  xmlns="http://www.imsglobal.org/xsd/imsqti_v2p1"
  xsi:schemaLocation="http://www.imsglobal.org/xsd/imsqti_v2p1 http://www.imsglobal.org/xsd/qti/qtiv2p1/imsqti_v2p1p1.xsd">
    <responseDeclaration identifier="RESPONSE" cardinality="single" baseType="identifier">
<correctResponse>
<value>B</value>
</correctResponse>
</responseDeclaration>
     <outcomeDeclaration identifier="SCORE" cardinality="single" baseType="float" normalMaximum="1" normalMinimum="0">
      <defaultValue>
        <value>0</value>
      </defaultValue>
    </outcomeDeclaration>
  	<itemBody>
	<choiceInteraction responseIdentifier="RESPONSE" shuffle="false" maxChoices="1" id="choicereduction">
		<prompt id="prompt">Cole spends a few weeks being treated for major depressive disorder. He eventually stops exhibiting symptoms, but a few months later they reoccur. Once again the symptoms dissipate, but a few months later they reoccur. Cole&#8217;s major depressive disorder is &#95;&#95;&#95;&#95;&#95;&#95;&#95;&#95;?</prompt>
<simpleChoice identifier="A" fixed="true">
asymptomatic
</simpleChoice>
<simpleChoice identifier="B" fixed="true">
episodic
</simpleChoice>
<simpleChoice identifier="C" fixed="true">
limited in duration to a few weeks
</simpleChoice>
<simpleChoice identifier="D" fixed="true">
reoccurring every few months
</simpleChoice>
</choiceInteraction>
</itemBody>
<responseProcessing template="http://www.imsglobal.org/question/qti_v2p1/rptemplates/match_correct"/>
</assessmentItem>