<?xml version="1.0" encoding="UTF-8"?>
<assessmentItem identifier="Chapter15" title="Psychological Disorders" adaptive="false" timeDependent="false" 
  xmlns:xsi="http://www.w3.org/2001/XMLSchema-instance" 
  xmlns="http://www.imsglobal.org/xsd/imsqti_v2p1"
  xsi:schemaLocation="http://www.imsglobal.org/xsd/imsqti_v2p1 http://www.imsglobal.org/xsd/qti/qtiv2p1/imsqti_v2p1p1.xsd">
    <responseDeclaration identifier="RESPONSE" cardinality="single" baseType="identifier">
<correctResponse>
<value>B</value>
</correctResponse>
</responseDeclaration>
     <outcomeDeclaration identifier="SCORE" cardinality="single" baseType="float" normalMaximum="1" normalMinimum="0">
      <defaultValue>
        <value>0</value>
      </defaultValue>
    </outcomeDeclaration>
  	<itemBody>
	<choiceInteraction responseIdentifier="RESPONSE" shuffle="false" maxChoices="1" id="choicereduction">
		<prompt id="prompt">According to the textbook, which of these events would have the highest likelihood of causing posttraumatic stress disorder?</prompt>
<simpleChoice identifier="A" fixed="true">
a fire to one&#8217;s home that left no remains
</simpleChoice>
<simpleChoice identifier="B" fixed="true">
being assaulted and robbed of your cash and credit cards
</simpleChoice>
<simpleChoice identifier="C" fixed="true">
surviving a hurricane that destroyed a city
</simpleChoice>
<simpleChoice identifier="D" fixed="true">
reading about the death of dozens of people in a terrible airplane crash
</simpleChoice>
</choiceInteraction>
</itemBody>
<responseProcessing template="http://www.imsglobal.org/question/qti_v2p1/rptemplates/match_correct"/>
</assessmentItem>