<?xml version="1.0" encoding="UTF-8"?>
<assessmentItem identifier="Chapter15" title="Psychological Disorders" adaptive="false" timeDependent="false" 
  xmlns:xsi="http://www.w3.org/2001/XMLSchema-instance" 
  xmlns="http://www.imsglobal.org/xsd/imsqti_v2p1"
  xsi:schemaLocation="http://www.imsglobal.org/xsd/imsqti_v2p1 http://www.imsglobal.org/xsd/qti/qtiv2p1/imsqti_v2p1p1.xsd">
    <responseDeclaration identifier="RESPONSE" cardinality="single" baseType="identifier">
<correctResponse>
<value>D</value>
</correctResponse>
</responseDeclaration>
     <outcomeDeclaration identifier="SCORE" cardinality="single" baseType="float" normalMaximum="1" normalMinimum="0">
      <defaultValue>
        <value>0</value>
      </defaultValue>
    </outcomeDeclaration>
  	<itemBody>
	<choiceInteraction responseIdentifier="RESPONSE" shuffle="false" maxChoices="1" id="choicereduction">
		<prompt id="prompt">What do obsessive-compulsive disorder, body dysmorphic disorder, and hoarding disorder have in common?</prompt>
<simpleChoice identifier="A" fixed="true">
conviction that the patient herself is the cause of many people&#8217;s troubles
</simpleChoice>
<simpleChoice identifier="B" fixed="true">
generalized anxiety and specific phobias
</simpleChoice>
<simpleChoice identifier="C" fixed="true">
obsession with the suffering of others
</simpleChoice>
<simpleChoice identifier="D" fixed="true">
repetitive thoughts and urges, as well as an uncontrollable need to engage in repetitive behavior and mental acts
</simpleChoice>
</choiceInteraction>
</itemBody>
<responseProcessing template="http://www.imsglobal.org/question/qti_v2p1/rptemplates/match_correct"/>
</assessmentItem>