<?xml version="1.0" encoding="UTF-8"?>
<assessmentItem identifier="Chapter15" title="Psychological Disorders" adaptive="false" timeDependent="false" 
  xmlns:xsi="http://www.w3.org/2001/XMLSchema-instance" 
  xmlns="http://www.imsglobal.org/xsd/imsqti_v2p1"
  xsi:schemaLocation="http://www.imsglobal.org/xsd/imsqti_v2p1 http://www.imsglobal.org/xsd/qti/qtiv2p1/imsqti_v2p1p1.xsd">
    <responseDeclaration identifier="RESPONSE" cardinality="single" baseType="identifier">
<correctResponse>
<value>C</value>
</correctResponse>
</responseDeclaration>
     <outcomeDeclaration identifier="SCORE" cardinality="single" baseType="float" normalMaximum="1" normalMinimum="0">
      <defaultValue>
        <value>0</value>
      </defaultValue>
    </outcomeDeclaration>
  	<itemBody>
	<choiceInteraction responseIdentifier="RESPONSE" shuffle="false" maxChoices="1" id="choicereduction">
		<prompt id="prompt">Cordelia, an active duty marine, served in Afghanistan. While she was on patrol with her friend, an IED went off, killing her friend and injuring Cordelia&#8217;s left arm. In the two months since her friend died, Cordelia has been jumpy, irritable, avoids talking about her friend, and once every few days experiences a flashback to the explosion. Cordelia is experiencing &#95;&#95;&#95;&#95;&#95;&#95;&#95;&#95; disorder.</prompt>
<simpleChoice identifier="A" fixed="true">
panic
</simpleChoice>
<simpleChoice identifier="B" fixed="true">
bipolar
</simpleChoice>
<simpleChoice identifier="C" fixed="true">
posttraumatic stress
</simpleChoice>
<simpleChoice identifier="D" fixed="true">
schizotypal personality
</simpleChoice>
</choiceInteraction>
</itemBody>
<responseProcessing template="http://www.imsglobal.org/question/qti_v2p1/rptemplates/match_correct"/>
</assessmentItem>