<?xml version="1.0" encoding="UTF-8"?>
<assessmentItem identifier="Chapter15" title="Psychological Disorders" adaptive="false" timeDependent="false" 
  xmlns:xsi="http://www.w3.org/2001/XMLSchema-instance" 
  xmlns="http://www.imsglobal.org/xsd/imsqti_v2p1"
  xsi:schemaLocation="http://www.imsglobal.org/xsd/imsqti_v2p1 http://www.imsglobal.org/xsd/qti/qtiv2p1/imsqti_v2p1p1.xsd">
    <responseDeclaration identifier="RESPONSE" cardinality="single" baseType="identifier">
<correctResponse>
<value>C</value>
</correctResponse>
</responseDeclaration>
     <outcomeDeclaration identifier="SCORE" cardinality="single" baseType="float" normalMaximum="1" normalMinimum="0">
      <defaultValue>
        <value>0</value>
      </defaultValue>
    </outcomeDeclaration>
  	<itemBody>
	<choiceInteraction responseIdentifier="RESPONSE" shuffle="false" maxChoices="1" id="choicereduction">
		<prompt id="prompt">Janice is in the middle of a distinct period of an abnormally and persistently elevated mood. In the last week she has cleaned her house from top to bottom (breaking windows and dishes in the process), bought a new car that she can&#8217;t afford, and dug up most of her yard in case she might want a garden next year. Janice is experiencing a(n) &#95;&#95;&#95;&#95;&#95;&#95;&#95;&#95; episode.</prompt>
<simpleChoice identifier="A" fixed="true">
body dysmorphic
</simpleChoice>
<simpleChoice identifier="B" fixed="true">
psychotic
</simpleChoice>
<simpleChoice identifier="C" fixed="true">
manic
</simpleChoice>
<simpleChoice identifier="D" fixed="true">
dissociative
</simpleChoice>
</choiceInteraction>
</itemBody>
<responseProcessing template="http://www.imsglobal.org/question/qti_v2p1/rptemplates/match_correct"/>
</assessmentItem>