<?xml version="1.0" encoding="UTF-8"?>
<assessmentItem identifier="Chapter15" title="Psychological Disorders" adaptive="false" timeDependent="false" 
  xmlns:xsi="http://www.w3.org/2001/XMLSchema-instance" 
  xmlns="http://www.imsglobal.org/xsd/imsqti_v2p1"
  xsi:schemaLocation="http://www.imsglobal.org/xsd/imsqti_v2p1 http://www.imsglobal.org/xsd/qti/qtiv2p1/imsqti_v2p1p1.xsd">
    <responseDeclaration identifier="RESPONSE" cardinality="single" baseType="identifier">
<correctResponse>
<value>C</value>
</correctResponse>
</responseDeclaration>
     <outcomeDeclaration identifier="SCORE" cardinality="single" baseType="float" normalMaximum="1" normalMinimum="0">
      <defaultValue>
        <value>0</value>
      </defaultValue>
    </outcomeDeclaration>
  	<itemBody>
	<choiceInteraction responseIdentifier="RESPONSE" shuffle="false" maxChoices="1" id="choicereduction">
		<prompt id="prompt">Apollonia was diagnosed with major depressive disorder five years ago. She knows her mother took medicine to combat depression and she worries her daughter will experience depression too. Why?</prompt>
<simpleChoice identifier="A" fixed="true">
Apollonia also suffers from social anxiety disorder.
</simpleChoice>
<simpleChoice identifier="B" fixed="true">
Mood disorders are more likely to occur in younger people.
</simpleChoice>
<simpleChoice identifier="C" fixed="true">
Mood disorders have been shown to have a strong genetic and biological basis.
</simpleChoice>
<simpleChoice identifier="D" fixed="true">
People who grow up with a depressed parent usually become depressed themselves.
</simpleChoice>
</choiceInteraction>
</itemBody>
<responseProcessing template="http://www.imsglobal.org/question/qti_v2p1/rptemplates/match_correct"/>
</assessmentItem>