<?xml version="1.0" encoding="UTF-8"?>
<assessmentItem identifier="Chapter15" title="Psychological Disorders" adaptive="false" timeDependent="false" 
  xmlns:xsi="http://www.w3.org/2001/XMLSchema-instance" 
  xmlns="http://www.imsglobal.org/xsd/imsqti_v2p1"
  xsi:schemaLocation="http://www.imsglobal.org/xsd/imsqti_v2p1 http://www.imsglobal.org/xsd/qti/qtiv2p1/imsqti_v2p1p1.xsd">
    <responseDeclaration identifier="RESPONSE" cardinality="single" baseType="identifier">
<correctResponse>
<value>C</value>
</correctResponse>
</responseDeclaration>
     <outcomeDeclaration identifier="SCORE" cardinality="single" baseType="float" normalMaximum="1" normalMinimum="0">
      <defaultValue>
        <value>0</value>
      </defaultValue>
    </outcomeDeclaration>
  	<itemBody>
	<choiceInteraction responseIdentifier="RESPONSE" shuffle="false" maxChoices="1" id="choicereduction">
		<prompt id="prompt">Which of the following is <em>not </em>a risk factor for suicide?</prompt>
<simpleChoice identifier="A" fixed="true">
alcohol dependence
</simpleChoice>
<simpleChoice identifier="B" fixed="true">
history of previous suicide attempts
</simpleChoice>
<simpleChoice identifier="C" fixed="true">
being a fan of violent media (music, television shows, movies, etc.)
</simpleChoice>
<simpleChoice identifier="D" fixed="true">
have access to lethal weapons, such as firearms
</simpleChoice>
</choiceInteraction>
</itemBody>
<responseProcessing template="http://www.imsglobal.org/question/qti_v2p1/rptemplates/match_correct"/>
</assessmentItem>