<?xml version="1.0" encoding="UTF-8"?>
<assessmentItem identifier="Chapter15" title="Psychological Disorders" adaptive="false" timeDependent="false" 
  xmlns:xsi="http://www.w3.org/2001/XMLSchema-instance" 
  xmlns="http://www.imsglobal.org/xsd/imsqti_v2p1"
  xsi:schemaLocation="http://www.imsglobal.org/xsd/imsqti_v2p1 http://www.imsglobal.org/xsd/qti/qtiv2p1/imsqti_v2p1p1.xsd">
    <responseDeclaration identifier="RESPONSE" cardinality="single" baseType="identifier">
<correctResponse>
<value>A</value>
</correctResponse>
</responseDeclaration>
     <outcomeDeclaration identifier="SCORE" cardinality="single" baseType="float" normalMaximum="1" normalMinimum="0">
      <defaultValue>
        <value>0</value>
      </defaultValue>
    </outcomeDeclaration>
  	<itemBody>
	<choiceInteraction responseIdentifier="RESPONSE" shuffle="false" maxChoices="1" id="choicereduction">
		<prompt id="prompt">Which of the following is an example of hopelessness theory?</prompt>
<simpleChoice identifier="A" fixed="true">
Rochelle has an expectation that terrible things will happen and there is nothing she can do about it&#8212;this leads her to become depressed.
</simpleChoice>
<simpleChoice identifier="B" fixed="true">
Rochelle is depressed, so she thinks terrible things will happen.
</simpleChoice>
<simpleChoice identifier="C" fixed="true">
Rochelle is in an earthquake and many of her friends die, so she becomes depressed.
</simpleChoice>
<simpleChoice identifier="D" fixed="true">
Rochelle stops taking her medication because she does not think medication will help her depression.
</simpleChoice>
</choiceInteraction>
</itemBody>
<responseProcessing template="http://www.imsglobal.org/question/qti_v2p1/rptemplates/match_correct"/>
</assessmentItem>