<?xml version="1.0" encoding="UTF-8"?>
<assessmentItem identifier="Chapter15" title="Psychological Disorders" adaptive="false" timeDependent="false" 
  xmlns:xsi="http://www.w3.org/2001/XMLSchema-instance" 
  xmlns="http://www.imsglobal.org/xsd/imsqti_v2p1"
  xsi:schemaLocation="http://www.imsglobal.org/xsd/imsqti_v2p1 http://www.imsglobal.org/xsd/qti/qtiv2p1/imsqti_v2p1p1.xsd">
    <responseDeclaration identifier="RESPONSE" cardinality="single" baseType="identifier">
<correctResponse>
<value>C</value>
</correctResponse>
</responseDeclaration>
     <outcomeDeclaration identifier="SCORE" cardinality="single" baseType="float" normalMaximum="1" normalMinimum="0">
      <defaultValue>
        <value>0</value>
      </defaultValue>
    </outcomeDeclaration>
  	<itemBody>
	<choiceInteraction responseIdentifier="RESPONSE" shuffle="false" maxChoices="1" id="choicereduction">
		<prompt id="prompt">Nathan has an overinflated and unjustified sense of self-importance. He is preoccupied with fantasies of success and believes that he is entitled to special treatment from others. Nathan appears to suffer from &#95;&#95;&#95;&#95;&#95;&#95;&#95;&#95; personality disorder.</prompt>
<simpleChoice identifier="A" fixed="true">
borderline 
</simpleChoice>
<simpleChoice identifier="B" fixed="true">
histrionic 
</simpleChoice>
<simpleChoice identifier="C" fixed="true">
narcissistic
</simpleChoice>
<simpleChoice identifier="D" fixed="true">
schizotypal 
</simpleChoice>
</choiceInteraction>
</itemBody>
<responseProcessing template="http://www.imsglobal.org/question/qti_v2p1/rptemplates/match_correct"/>
</assessmentItem>