<?xml version="1.0" encoding="UTF-8"?>
<assessmentItem identifier="Chapter15" title="Psychological Disorders" adaptive="false" timeDependent="false" 
  xmlns:xsi="http://www.w3.org/2001/XMLSchema-instance" 
  xmlns="http://www.imsglobal.org/xsd/imsqti_v2p1"
  xsi:schemaLocation="http://www.imsglobal.org/xsd/imsqti_v2p1 http://www.imsglobal.org/xsd/qti/qtiv2p1/imsqti_v2p1p1.xsd">
    <responseDeclaration identifier="RESPONSE" cardinality="single" baseType="identifier">
<correctResponse>
<value>B</value>
</correctResponse>
</responseDeclaration>
     <outcomeDeclaration identifier="SCORE" cardinality="single" baseType="float" normalMaximum="1" normalMinimum="0">
      <defaultValue>
        <value>0</value>
      </defaultValue>
    </outcomeDeclaration>
  	<itemBody>
	<choiceInteraction responseIdentifier="RESPONSE" shuffle="false" maxChoices="1" id="choicereduction">
		<prompt id="prompt">Which of the following is a set of symptoms or behaviors that you might see in a person diagnosed with antisocial personality disorder?</prompt>
<simpleChoice identifier="A" fixed="true">
instability in interpersonal relationships, self-image, and mood
</simpleChoice>
<simpleChoice identifier="B" fixed="true">
lack of regard for others&#8217; rights, impulsivity, deceitfulness, irresponsibility, and lack of remorse over misdeeds
</simpleChoice>
<simpleChoice identifier="C" fixed="true">
overinflated and unjustified sense of self-importance
</simpleChoice>
<simpleChoice identifier="D" fixed="true">
pervasive need for perfectionism that interferes with the ability to complete tasks
</simpleChoice>
</choiceInteraction>
</itemBody>
<responseProcessing template="http://www.imsglobal.org/question/qti_v2p1/rptemplates/match_correct"/>
</assessmentItem>