<?xml version="1.0" encoding="UTF-8"?>
<assessmentItem identifier="Chapter15" title="Psychological Disorders" adaptive="false" timeDependent="false" 
  xmlns:xsi="http://www.w3.org/2001/XMLSchema-instance" 
  xmlns="http://www.imsglobal.org/xsd/imsqti_v2p1"
  xsi:schemaLocation="http://www.imsglobal.org/xsd/imsqti_v2p1 http://www.imsglobal.org/xsd/qti/qtiv2p1/imsqti_v2p1p1.xsd">
    <responseDeclaration identifier="RESPONSE" cardinality="single" baseType="identifier">
<correctResponse>
<value>A</value>
</correctResponse>
</responseDeclaration>
     <outcomeDeclaration identifier="SCORE" cardinality="single" baseType="float" normalMaximum="1" normalMinimum="0">
      <defaultValue>
        <value>0</value>
      </defaultValue>
    </outcomeDeclaration>
  	<itemBody>
	<choiceInteraction responseIdentifier="RESPONSE" shuffle="false" maxChoices="1" id="choicereduction">
		<prompt id="prompt">Nicole is socially inhibited and oversensitive to negative evaluation. She was thinking about a career in nursing, but she changed her mind because she believes the doctors would criticize her and patients would reject her. She has never been on a date because she feels socially inept and unappealing; she avoids meeting new people because anything less than immediate, unconditional acceptance causes her anxiety. Just yesterday she was invited to go on a kayak trip, but she didn&#8217;t go because she was worried she would embarrass herself. Which of the following diagnoses accounts for Nicole&#8217;s personality?</prompt>
<simpleChoice identifier="A" fixed="true">
avoidant personality disorder
</simpleChoice>
<simpleChoice identifier="B" fixed="true">
dependent personality disorder
</simpleChoice>
<simpleChoice identifier="C" fixed="true">
obsessive-compulsive personality disorder
</simpleChoice>
<simpleChoice identifier="D" fixed="true">
schizotypal personality disorder
</simpleChoice>
</choiceInteraction>
</itemBody>
<responseProcessing template="http://www.imsglobal.org/question/qti_v2p1/rptemplates/match_correct"/>
</assessmentItem>