<?xml version="1.0" encoding="UTF-8"?>
<assessmentItem identifier="Chapter15" title="Psychological Disorders" adaptive="false" timeDependent="false" 
  xmlns:xsi="http://www.w3.org/2001/XMLSchema-instance" 
  xmlns="http://www.imsglobal.org/xsd/imsqti_v2p1"
  xsi:schemaLocation="http://www.imsglobal.org/xsd/imsqti_v2p1 http://www.imsglobal.org/xsd/qti/qtiv2p1/imsqti_v2p1p1.xsd">
    <responseDeclaration identifier="RESPONSE" cardinality="single" baseType="identifier">
<correctResponse>
<value>A</value>
</correctResponse>
</responseDeclaration>
     <outcomeDeclaration identifier="SCORE" cardinality="single" baseType="float" normalMaximum="1" normalMinimum="0">
      <defaultValue>
        <value>0</value>
      </defaultValue>
    </outcomeDeclaration>
  	<itemBody>
	<choiceInteraction responseIdentifier="RESPONSE" shuffle="false" maxChoices="1" id="choicereduction">
		<prompt id="prompt">Which of the following exemplifies a symptom of autism spectrum disorder?</prompt>
<simpleChoice identifier="A" fixed="true">
Gemma exhibits deficits in social interaction by not initiating conversations with other children, and she turns her head away when spoken to.
</simpleChoice>
<simpleChoice identifier="B" fixed="true">
Gemma is quick to anger and is incapable of dealing with a situation in which she is not the center of attention.
</simpleChoice>
<simpleChoice identifier="C" fixed="true">
Gemma is submissive and physically clings to the people around her.
</simpleChoice>
<simpleChoice identifier="D" fixed="true">
Gemma is very impulsive&#8212;as soon as an idea enters her head she acts upon it.
</simpleChoice>
</choiceInteraction>
</itemBody>
<responseProcessing template="http://www.imsglobal.org/question/qti_v2p1/rptemplates/match_correct"/>
</assessmentItem>