<?xml version="1.0" encoding="UTF-8"?>
<assessmentItem identifier="Chapter15" title="Psychological Disorders" adaptive="false" timeDependent="false" 
  xmlns:xsi="http://www.w3.org/2001/XMLSchema-instance" 
  xmlns="http://www.imsglobal.org/xsd/imsqti_v2p1"
  xsi:schemaLocation="http://www.imsglobal.org/xsd/imsqti_v2p1 http://www.imsglobal.org/xsd/qti/qtiv2p1/imsqti_v2p1p1.xsd">
    <responseDeclaration identifier="RESPONSE" cardinality="single" baseType="identifier">
<correctResponse>
<value>C</value>
</correctResponse>
</responseDeclaration>
     <outcomeDeclaration identifier="SCORE" cardinality="single" baseType="float" normalMaximum="1" normalMinimum="0">
      <defaultValue>
        <value>0</value>
      </defaultValue>
    </outcomeDeclaration>
  	<itemBody>
	<choiceInteraction responseIdentifier="RESPONSE" shuffle="false" maxChoices="1" id="choicereduction">
		<prompt id="prompt">Phyllis cannot be alone. Her moods and behaviors are unstable, as are her relationships with other people. She often displays inappropriate and intense anger. Recently, Phyllis wrote a suicide note and offered to show it to her husband. Which of the following diagnoses accounts for her personality?</prompt>
<simpleChoice identifier="A" fixed="true">
antisocial personality disorder
</simpleChoice>
<simpleChoice identifier="B" fixed="true">
avoidant personality disorder
</simpleChoice>
<simpleChoice identifier="C" fixed="true">
borderline personality disorder
</simpleChoice>
<simpleChoice identifier="D" fixed="true">
schizotypal personality disorder
</simpleChoice>
</choiceInteraction>
</itemBody>
<responseProcessing template="http://www.imsglobal.org/question/qti_v2p1/rptemplates/match_correct"/>
</assessmentItem>