<?xml version="1.0" encoding="UTF-8"?>
<assessmentItem identifier="Chapter15" title="Psychological Disorders" adaptive="false" timeDependent="false" 
  xmlns:xsi="http://www.w3.org/2001/XMLSchema-instance" 
  xmlns="http://www.imsglobal.org/xsd/imsqti_v2p1"
  xsi:schemaLocation="http://www.imsglobal.org/xsd/imsqti_v2p1 http://www.imsglobal.org/xsd/qti/qtiv2p1/imsqti_v2p1p1.xsd">
    <responseDeclaration identifier="RESPONSE" cardinality="single" baseType="identifier">
<correctResponse>
<value>C</value>
</correctResponse>
</responseDeclaration>
     <outcomeDeclaration identifier="SCORE" cardinality="single" baseType="float" normalMaximum="1" normalMinimum="0">
      <defaultValue>
        <value>0</value>
      </defaultValue>
    </outcomeDeclaration>
  	<itemBody>
	<choiceInteraction responseIdentifier="RESPONSE" shuffle="false" maxChoices="1" id="choicereduction">
		<prompt id="prompt">Jeff is an unforgiving perfectionist who would rather deliver work a week late than turn in a project with even minor mistakes. In fact, he spends so much time working that he never has time for anything else. Jeff is known to be rigid, inflexible, and stubborn, and he never compromises. Which of the following diagnoses accounts for Jeff&#8217;s personality?</prompt>
<simpleChoice identifier="A" fixed="true">
histrionic personality disorder
</simpleChoice>
<simpleChoice identifier="B" fixed="true">
narcissistic personality disorder
</simpleChoice>
<simpleChoice identifier="C" fixed="true">
obsessive-compulsive personality disorder
</simpleChoice>
<simpleChoice identifier="D" fixed="true">
schizoid personality disorder
</simpleChoice>
</choiceInteraction>
</itemBody>
<responseProcessing template="http://www.imsglobal.org/question/qti_v2p1/rptemplates/match_correct"/>
</assessmentItem>