<?xml version="1.0" encoding="UTF-8"?>
<assessmentItem identifier="Chapter15" title="Psychological Disorders" adaptive="false" timeDependent="false" 
  xmlns:xsi="http://www.w3.org/2001/XMLSchema-instance" 
  xmlns="http://www.imsglobal.org/xsd/imsqti_v2p1"
  xsi:schemaLocation="http://www.imsglobal.org/xsd/imsqti_v2p1 http://www.imsglobal.org/xsd/qti/qtiv2p1/imsqti_v2p1p1.xsd">
    <responseDeclaration identifier="RESPONSE" cardinality="single" baseType="string">
<correctResponse>
<value>specific</value>
</correctResponse>
</responseDeclaration>  
   <outcomeDeclaration identifier="SCORE" cardinality="single" baseType="float" normalMaximum="1" normalMinimum="0">
      <defaultValue>
        <value>0</value>
      </defaultValue>
    </outcomeDeclaration>
  	<itemBody>
		<extendedTextInteraction format="plain" minStrings="1" responseIdentifier="RESPONSE">
			<prompt id="prompt">Lindsay has been fighting her unrealistic and irrational fear of trucks for her entire life. She is able to ride any other type of vehicle &#8211; a car, a bicycle, even a helicopter &#8211; but she is terrified of getting into any form of truck and refuses to do so. Diagnostically this would be categorized as a(n) &#95;&#95;&#95;&#95;&#95;&#95;&#95;&#95; phobia.</prompt>
	</extendedTextInteraction>
	</itemBody>
</assessmentItem>