<?xml version="1.0" encoding="UTF-8"?>
 
<assessmentItem identifier="Chapter15" title="Understanding Economic System and Business" adaptive="false" timeDependent="false" 
  xmlns:xsi="http://www.w3.org/2001/XMLSchema-instance" 
  xmlns="http://www.imsglobal.org/xsd/imsqti_v2p1"
  xsi:schemaLocation="http://www.imsglobal.org/xsd/imsqti_v2p1 http://www.imsglobal.org/xsd/qti/qtiv2p1/imsqti_v2p1p1.xsd">
    <responseDeclaration identifier="RESPONSE" cardinality="single" baseType="string"/>
   <outcomeDeclaration identifier="SCORE" cardinality="single" baseType="float" normalMaximum="1" normalMinimum="0"/>
      <itemBody>
        <extendedTextInteraction format="plain" minStrings="1" responseIdentifier="RESPONSE">
            <prompt id="prompt">Identify two neurodevelopmental disorders.</prompt>
    </extendedTextInteraction>
 
    <p>Sample Answer: Attention deficit/hyperactivity disorder and autism are both neurodevelopmental disorders.</p>
 
    </itemBody>
</assessmentItem>
