<?xml version="1.0" encoding="UTF-8"?>
<assessmentItem identifier="Chapter15" title="Psychological Disorders" adaptive="false" timeDependent="false" 
  xmlns:xsi="http://www.w3.org/2001/XMLSchema-instance" 
  xmlns="http://www.imsglobal.org/xsd/imsqti_v2p1"
  xsi:schemaLocation="http://www.imsglobal.org/xsd/imsqti_v2p1 http://www.imsglobal.org/xsd/qti/qtiv2p1/imsqti_v2p1p1.xsd">
  <responseDeclaration identifier="RESPONSE" cardinality="single" baseType="string" />
    <outcomeDeclaration identifier="SCORE" cardinality="single" baseType="float" normalMaximum="1" normalMinimum="0"/>	<itemBody>
		<extendedTextInteraction format="plain" minStrings="1" responseIdentifier="RESPONSE">
			<prompt id="prompt">How can you distinguish depression from ordinary feelings of sadness?</prompt>
	</extendedTextInteraction>
	<p>Sample Answer: Depressed people feel sad, discouraged, and hopeless most of the day, every day. These individuals lose interest in activities they once enjoyed, often experience a decrease in drives such as hunger and sex, and frequently doubt personal worth. Someone who is sad will not experience these symptoms over a long period of time.</p>
	</itemBody></assessmentItem>