<?xml version="1.0" encoding="UTF-8"?>
 
<assessmentItem identifier="Chapter15" title="Understanding Economic System and Business" adaptive="false" timeDependent="false" 
  xmlns:xsi="http://www.w3.org/2001/XMLSchema-instance" 
  xmlns="http://www.imsglobal.org/xsd/imsqti_v2p1"
  xsi:schemaLocation="http://www.imsglobal.org/xsd/imsqti_v2p1 http://www.imsglobal.org/xsd/qti/qtiv2p1/imsqti_v2p1p1.xsd">
    <responseDeclaration identifier="RESPONSE" cardinality="single" baseType="string"/>
   <outcomeDeclaration identifier="SCORE" cardinality="single" baseType="float" normalMaximum="1" normalMinimum="0"/>
      <itemBody>
        <extendedTextInteraction format="plain" minStrings="1" responseIdentifier="RESPONSE">
            <prompt id="prompt">Summarize Szasz&#8217;s approach to psychological disorders and explain why you agree or disagree with his approach.</prompt>
    </extendedTextInteraction>
 
    <p>Student answers will vary. Szasz stated that mental illness was invented by society and the mental health establishment to stigmatize and subjugate people whose behavior violates accepted social and legal norms. Szasz suggested that what appear to be symptoms of mental illness are more appropriately characterized as &#8220;problems in living.&#8221; </p>
 
    </itemBody>
</assessmentItem>
