<?xml version="1.0" encoding="UTF-8"?>
<assessmentItem identifier="Chapter15" title="Psychological Disorders" adaptive="false" timeDependent="false" 
  xmlns:xsi="http://www.w3.org/2001/XMLSchema-instance" 
  xmlns="http://www.imsglobal.org/xsd/imsqti_v2p1"
  xsi:schemaLocation="http://www.imsglobal.org/xsd/imsqti_v2p1 http://www.imsglobal.org/xsd/qti/qtiv2p1/imsqti_v2p1p1.xsd">
  <responseDeclaration identifier="RESPONSE" cardinality="single" baseType="string" />
    <outcomeDeclaration identifier="SCORE" cardinality="single" baseType="float" normalMaximum="1" normalMinimum="0"/>	<itemBody>
		<extendedTextInteraction format="plain" minStrings="1" responseIdentifier="RESPONSE">
			<prompt id="prompt">What are the characteristics of borderline personality disorder?</prompt>
	</extendedTextInteraction>
	<p>Sample Answer: Borderline personality disorder is characterized by having an unstable self-image, mood, and behavior; they cannot tolerate being alone and experience chronic feelings of emptiness; they are unstable and have intense relationships with others; their behavior is impulsive, unpredictable, and sometimes self-damaging; they show inappropriate and intense anger; they make suicidal gestures.</p>
	</itemBody></assessmentItem>