<?xml version="1.0" encoding="UTF-8"?>
<assessmentItem identifier="Chapter1" title="Introduction to Psychology" adaptive="false" timeDependent="false" 
  xmlns:xsi="http://www.w3.org/2001/XMLSchema-instance" 
  xmlns="http://www.imsglobal.org/xsd/imsqti_v2p1"
  xsi:schemaLocation="http://www.imsglobal.org/xsd/imsqti_v2p1 http://www.imsglobal.org/xsd/qti/qtiv2p1/imsqti_v2p1p1.xsd">
    <responseDeclaration identifier="RESPONSE" cardinality="single" baseType="identifier">
<correctResponse>
<value>C</value>
</correctResponse>
</responseDeclaration>
     <outcomeDeclaration identifier="SCORE" cardinality="single" baseType="float" normalMaximum="1" normalMinimum="0">
      <defaultValue>
        <value>0</value>
      </defaultValue>
    </outcomeDeclaration>
  	<itemBody>
	<choiceInteraction responseIdentifier="RESPONSE" shuffle="false" maxChoices="1" id="choicereduction">
		<prompt id="prompt">Which individual wrote <em>Principles of Physiological Psychology</em> and is credited with establishing a scientific laboratory of Psychology at the University of Leipzig?</prompt>
<simpleChoice identifier="A" fixed="true">
Wolfgang K&#246;hler
</simpleChoice>
<simpleChoice identifier="B" fixed="true">
Sigmund Freud
</simpleChoice>
<simpleChoice identifier="C" fixed="true">
Wilhelm Wundt
</simpleChoice>
<simpleChoice identifier="D" fixed="true">
William James
</simpleChoice>
</choiceInteraction>
</itemBody>
<responseProcessing template="http://www.imsglobal.org/question/qti_v2p1/rptemplates/match_correct"/>
</assessmentItem>