<?xml version="1.0" encoding="UTF-8"?>
<assessmentItem identifier="Chapter1" title="Introduction to Psychology" adaptive="false" timeDependent="false" 
  xmlns:xsi="http://www.w3.org/2001/XMLSchema-instance" 
  xmlns="http://www.imsglobal.org/xsd/imsqti_v2p1"
  xsi:schemaLocation="http://www.imsglobal.org/xsd/imsqti_v2p1 http://www.imsglobal.org/xsd/qti/qtiv2p1/imsqti_v2p1p1.xsd">
    <responseDeclaration identifier="RESPONSE" cardinality="single" baseType="identifier">
<correctResponse>
<value>D</value>
</correctResponse>
</responseDeclaration>
     <outcomeDeclaration identifier="SCORE" cardinality="single" baseType="float" normalMaximum="1" normalMinimum="0">
      <defaultValue>
        <value>0</value>
      </defaultValue>
    </outcomeDeclaration>
  	<itemBody>
	<choiceInteraction responseIdentifier="RESPONSE" shuffle="false" maxChoices="1" id="choicereduction">
		<prompt id="prompt">Which of the following exemplifies the empirical method?</prompt>
<simpleChoice identifier="A" fixed="true">
A student in a psychology class writes his term paper on whether or not fish feel pain.
</simpleChoice>
<simpleChoice identifier="B" fixed="true">
A student writes a letter to his professor requesting a change in course policy.
</simpleChoice>
<simpleChoice identifier="C" fixed="true">
Dr. Hysock-Witham decides to start her course later because so many students arrive late.
</simpleChoice>
<simpleChoice identifier="D" fixed="true">
Dr. Sarkeesian observes and records how watching cartoons influences heart rates.
</simpleChoice>
</choiceInteraction>
</itemBody>
<responseProcessing template="http://www.imsglobal.org/question/qti_v2p1/rptemplates/match_correct"/>
</assessmentItem>