<?xml version="1.0" encoding="UTF-8"?>
<assessmentItem identifier="Chapter1" title="Introduction to Psychology" adaptive="false" timeDependent="false" 
  xmlns:xsi="http://www.w3.org/2001/XMLSchema-instance" 
  xmlns="http://www.imsglobal.org/xsd/imsqti_v2p1"
  xsi:schemaLocation="http://www.imsglobal.org/xsd/imsqti_v2p1 http://www.imsglobal.org/xsd/qti/qtiv2p1/imsqti_v2p1p1.xsd">
    <responseDeclaration identifier="RESPONSE" cardinality="single" baseType="identifier">
<correctResponse>
<value>A</value>
</correctResponse>
</responseDeclaration>
     <outcomeDeclaration identifier="SCORE" cardinality="single" baseType="float" normalMaximum="1" normalMinimum="0">
      <defaultValue>
        <value>0</value>
      </defaultValue>
    </outcomeDeclaration>
  	<itemBody>
	<choiceInteraction responseIdentifier="RESPONSE" shuffle="false" maxChoices="1" id="choicereduction">
		<prompt id="prompt">Which of the following exemplifies the unconditional positive regard component of client-centered therapy?</prompt>
<simpleChoice identifier="A" fixed="true">
Abby tells her therapist that she tripped a small child who got in her way, and her therapist accepts this information without judgment.
</simpleChoice>
<simpleChoice identifier="B" fixed="true">
Boris tells his therapist that that he needs stronger medication and his therapist prescribes it.
</simpleChoice>
<simpleChoice identifier="C" fixed="true">
Natasha is late for her therapy session and her therapist believes she did this because she unconsciously dislikes therapy.
</simpleChoice>
<simpleChoice identifier="D" fixed="true">
Xavier receives a hug from the doctor when he arrives on time; he does not get a hug when he arrives late.
</simpleChoice>
</choiceInteraction>
</itemBody>
<responseProcessing template="http://www.imsglobal.org/question/qti_v2p1/rptemplates/match_correct"/>
</assessmentItem>