<?xml version="1.0" encoding="UTF-8"?>
<assessmentItem identifier="Chapter1" title="Introduction to Psychology" adaptive="false" timeDependent="false" 
  xmlns:xsi="http://www.w3.org/2001/XMLSchema-instance" 
  xmlns="http://www.imsglobal.org/xsd/imsqti_v2p1"
  xsi:schemaLocation="http://www.imsglobal.org/xsd/imsqti_v2p1 http://www.imsglobal.org/xsd/qti/qtiv2p1/imsqti_v2p1p1.xsd">
    <responseDeclaration identifier="RESPONSE" cardinality="single" baseType="identifier">
<correctResponse>
<value>A</value>
</correctResponse>
</responseDeclaration>
     <outcomeDeclaration identifier="SCORE" cardinality="single" baseType="float" normalMaximum="1" normalMinimum="0">
      <defaultValue>
        <value>0</value>
      </defaultValue>
    </outcomeDeclaration>
  	<itemBody>
	<choiceInteraction responseIdentifier="RESPONSE" shuffle="false" maxChoices="1" id="choicereduction">
		<prompt id="prompt">What should be changed to make the following statement <i>true</i>? Jean Piaget is famous for his theories regarding changes in emotional ability that occur as we move from infancy to adulthood.</prompt>
<simpleChoice identifier="A" fixed="true">
The word &#8220;emotional&#8221; should be changed to the word &#8220;cognitive.&#8221;
</simpleChoice>
<simpleChoice identifier="B" fixed="true">
The word &#8220;famous&#8221; should be changed to the word &#8220;infamous.&#8221;
</simpleChoice>
<simpleChoice identifier="C" fixed="true">
The word &#8220;infancy&#8221; should be changed to the word &#8220;adolescence.&#8221;
</simpleChoice>
<simpleChoice identifier="D" fixed="true">
The name &#8220;Jean Piaget&#8221; should be changed to &#8220;Abraham Maslow.&#8221;
</simpleChoice>
</choiceInteraction>
</itemBody>
<responseProcessing template="http://www.imsglobal.org/question/qti_v2p1/rptemplates/match_correct"/>
</assessmentItem>