<?xml version="1.0" encoding="UTF-8"?>
<assessmentItem identifier="Chapter1" title="Introduction to Psychology" adaptive="false" timeDependent="false" 
  xmlns:xsi="http://www.w3.org/2001/XMLSchema-instance" 
  xmlns="http://www.imsglobal.org/xsd/imsqti_v2p1"
  xsi:schemaLocation="http://www.imsglobal.org/xsd/imsqti_v2p1 http://www.imsglobal.org/xsd/qti/qtiv2p1/imsqti_v2p1p1.xsd">
    <responseDeclaration identifier="RESPONSE" cardinality="single" baseType="identifier">
<correctResponse>
<value>D</value>
</correctResponse>
</responseDeclaration>
     <outcomeDeclaration identifier="SCORE" cardinality="single" baseType="float" normalMaximum="1" normalMinimum="0">
      <defaultValue>
        <value>0</value>
      </defaultValue>
    </outcomeDeclaration>
  	<itemBody>
	<choiceInteraction responseIdentifier="RESPONSE" shuffle="false" maxChoices="1" id="choicereduction">
		<prompt id="prompt">Dr. Singh has just completed her PhD program and is now applying for a year-long program at a nationally-recognized hospital. If accepted, she will greatly advance her knowledge of behavioral neuroscience. Dr. Singh is applying for a(n) &#95;&#95;&#95;&#95;&#95;&#95;&#95;&#95; training program.</prompt>
<simpleChoice identifier="A" fixed="true">
fellows
</simpleChoice>
<simpleChoice identifier="B" fixed="true">
applied
</simpleChoice>
<simpleChoice identifier="C" fixed="true">
psychiatric
</simpleChoice>
<simpleChoice identifier="D" fixed="true">
postdoctoral
</simpleChoice>
</choiceInteraction>
</itemBody>
<responseProcessing template="http://www.imsglobal.org/question/qti_v2p1/rptemplates/match_correct"/>
</assessmentItem>