<?xml version="1.0" encoding="UTF-8"?>
<assessmentItem identifier="Chapter1" title="Introduction to Psychology" adaptive="false" timeDependent="false" 
  xmlns:xsi="http://www.w3.org/2001/XMLSchema-instance" 
  xmlns="http://www.imsglobal.org/xsd/imsqti_v2p1"
  xsi:schemaLocation="http://www.imsglobal.org/xsd/imsqti_v2p1 http://www.imsglobal.org/xsd/qti/qtiv2p1/imsqti_v2p1p1.xsd">
  
  
    <responseDeclaration identifier="RESPONSE" cardinality="single" baseType="string">
	
<correctResponse>
<value>Critical thinking</value>
</correctResponse>
</responseDeclaration>  
   <outcomeDeclaration identifier="SCORE" cardinality="single" baseType="float" normalMaximum="1" normalMinimum="0">
      <defaultValue>
        <value>0</value>
      </defaultValue>
    </outcomeDeclaration>
  	<itemBody>
		<extendedTextInteraction format="plain" minStrings="1" responseIdentifier="RESPONSE">
			<prompt id="prompt">&#95;&#95;&#95;&#95;&#95;&#95;&#95;&#95; is the active application of a set of skills to information for the understanding and evaluation of that information.</prompt>
	</extendedTextInteraction>
	</itemBody>
</assessmentItem>