<?xml version="1.0" encoding="UTF-8"?>
<assessmentItem identifier="Chapter1" title="Introduction to Psychology" adaptive="false" timeDependent="false" 
  xmlns:xsi="http://www.w3.org/2001/XMLSchema-instance" 
  xmlns="http://www.imsglobal.org/xsd/imsqti_v2p1"
  xsi:schemaLocation="http://www.imsglobal.org/xsd/imsqti_v2p1 http://www.imsglobal.org/xsd/qti/qtiv2p1/imsqti_v2p1p1.xsd">
  
    <responseDeclaration identifier="RESPONSE" cardinality="single" baseType="string">
<correctResponse>
<value>(Edward) Titchener</value>
</correctResponse>
</responseDeclaration>  
   <outcomeDeclaration identifier="SCORE" cardinality="single" baseType="float" normalMaximum="1" normalMinimum="0">
      <defaultValue>
        <value>0</value>
      </defaultValue>
    </outcomeDeclaration>
  	<itemBody>
		<extendedTextInteraction format="plain" minStrings="1" responseIdentifier="RESPONSE">
			<prompt id="prompt">This student of Wilhelm Wundt developed Wundt&#8217;s ideas into an area called structuralism, a field that focused on understanding the contents rather than the function of mental processes.</prompt>
	</extendedTextInteraction>
	</itemBody>
</assessmentItem>