<?xml version="1.0" encoding="UTF-8"?>
<assessmentItem identifier="Chapter1" title="Introduction to Psychology" adaptive="false" timeDependent="false" 
  xmlns:xsi="http://www.w3.org/2001/XMLSchema-instance" 
  xmlns="http://www.imsglobal.org/xsd/imsqti_v2p1"
  xsi:schemaLocation="http://www.imsglobal.org/xsd/imsqti_v2p1 http://www.imsglobal.org/xsd/qti/qtiv2p1/imsqti_v2p1p1.xsd">
  
  
  <responseDeclaration identifier="RESPONSE" cardinality="single" baseType="string" />
    <outcomeDeclaration identifier="SCORE" cardinality="single" baseType="float" normalMaximum="1" normalMinimum="0"/>	<itemBody>
		<extendedTextInteraction format="plain" minStrings="1" responseIdentifier="RESPONSE">
		
		
  
    
			<prompt id="prompt">Compare and contrast structuralism and functionalism.</prompt>
	</extendedTextInteraction>
	
	
	
	
	<p>Sample Answer: While structuralism focused on understanding the conscious experience, functionalism focused on how mental activities helped an organism adapt to its environment. Wilhelm Wundt, a structuralist theorist, believed that our cognitive experience was best understood by breaking that experience into its component parts using introspection. William James was a functionalist: Functionalism focused on how mental activities served as adaptive responses to an organism&#8217;s environment. Like Wundt, James also relied on introspection; however, James&#8217;s research approach also incorporated more objective measures.</p>
	</itemBody></assessmentItem>