<?xml version="1.0" encoding="UTF-8"?>
<assessmentItem identifier="Chapter1" title="Introduction to Psychology" adaptive="false" timeDependent="false" 
  xmlns:xsi="http://www.w3.org/2001/XMLSchema-instance" 
  xmlns="http://www.imsglobal.org/xsd/imsqti_v2p1"
  xsi:schemaLocation="http://www.imsglobal.org/xsd/imsqti_v2p1 http://www.imsglobal.org/xsd/qti/qtiv2p1/imsqti_v2p1p1.xsd">
  
  
  
  <responseDeclaration identifier="RESPONSE" cardinality="single" baseType="string" />
    <outcomeDeclaration identifier="SCORE" cardinality="single" baseType="float" normalMaximum="1" normalMinimum="0"/>	<itemBody>
		<extendedTextInteraction format="plain" minStrings="1" responseIdentifier="RESPONSE">
		
		
			<prompt id="prompt">List and describe at least three different subspecialties within the field of psychology. What are the major emphases of these different areas of study?</prompt>
	</extendedTextInteraction>
	
	<p>Answers may vary</p>
	</itemBody></assessmentItem>