<?xml version="1.0" encoding="UTF-8"?>
<assessmentItem identifier="Chapter1" title="Introduction to Psychology" adaptive="false" timeDependent="false" 
  xmlns:xsi="http://www.w3.org/2001/XMLSchema-instance" 
  xmlns="http://www.imsglobal.org/xsd/imsqti_v2p1"
  xsi:schemaLocation="http://www.imsglobal.org/xsd/imsqti_v2p1 http://www.imsglobal.org/xsd/qti/qtiv2p1/imsqti_v2p1p1.xsd">
  
      <responseDeclaration identifier="RESPONSE" cardinality="single" baseType="string" />
    <outcomeDeclaration identifier="SCORE" cardinality="single" baseType="float" normalMaximum="1" normalMinimum="0"/>	<itemBody>
		<extendedTextInteraction format="plain" minStrings="1" responseIdentifier="RESPONSE">
		
		
		
			<prompt id="prompt">Why would someone choose to work as an adjunct instructor rather than a professor?</prompt>
	</extendedTextInteraction>
	
	<p>Sample Answer: Adjunct faculty members and instructors usually have an advanced degree in psychology, but they may have a primary career outside academia and work as adjunct faculty as a secondary job. Alternatively, they may not hold the doctoral degree required by most four-year institutions and use these opportunities to gain experience in teaching. They may seek to teach in two-year colleges and schools rather than a four-year university.</p>
	</itemBody></assessmentItem>