<?xml version="1.0" encoding="UTF-8"?>
<assessmentItem identifier="Chapter11" title="Personality" adaptive="false" timeDependent="false" 
  xmlns:xsi="http://www.w3.org/2001/XMLSchema-instance" 
  xmlns="http://www.imsglobal.org/xsd/imsqti_v2p1"
  xsi:schemaLocation="http://www.imsglobal.org/xsd/imsqti_v2p1 http://www.imsglobal.org/xsd/qti/qtiv2p1/imsqti_v2p1p1.xsd">
    <responseDeclaration identifier="RESPONSE" cardinality="single" baseType="identifier">
<correctResponse>
<value>C</value>
</correctResponse>
</responseDeclaration>
     <outcomeDeclaration identifier="SCORE" cardinality="single" baseType="float" normalMaximum="1" normalMinimum="0">
      <defaultValue>
        <value>0</value>
      </defaultValue>
    </outcomeDeclaration>
  	<itemBody>
	<choiceInteraction responseIdentifier="RESPONSE" shuffle="false" maxChoices="1" id="choicereduction">
		<prompt id="prompt">Asa is buying a gift for his mother, an overbearing woman who is difficult to please. When a clerk asks him who he is shopping for he replies, &#8220;my smother&#8221; instead of &#8220;my mother.&#8221; What does this exemplify?</prompt>
<simpleChoice identifier="A" fixed="true">
archetype
</simpleChoice>
<simpleChoice identifier="B" fixed="true">
collective unconscious
</simpleChoice>
<simpleChoice identifier="C" fixed="true">
Freudian slip
</simpleChoice>
<simpleChoice identifier="D" fixed="true">
repressed memory
</simpleChoice>
</choiceInteraction>
</itemBody>
<responseProcessing template="http://www.imsglobal.org/question/qti_v2p1/rptemplates/match_correct"/>
</assessmentItem>