<?xml version="1.0" encoding="UTF-8"?>
<assessmentItem identifier="Chapter11" title="Personality" adaptive="false" timeDependent="false" 
  xmlns:xsi="http://www.w3.org/2001/XMLSchema-instance" 
  xmlns="http://www.imsglobal.org/xsd/imsqti_v2p1"
  xsi:schemaLocation="http://www.imsglobal.org/xsd/imsqti_v2p1 http://www.imsglobal.org/xsd/qti/qtiv2p1/imsqti_v2p1p1.xsd">
    <responseDeclaration identifier="RESPONSE" cardinality="single" baseType="identifier">
<correctResponse>
<value>A</value>
</correctResponse>
</responseDeclaration>
     <outcomeDeclaration identifier="SCORE" cardinality="single" baseType="float" normalMaximum="1" normalMinimum="0">
      <defaultValue>
        <value>0</value>
      </defaultValue>
    </outcomeDeclaration>
  	<itemBody>
	<choiceInteraction responseIdentifier="RESPONSE" shuffle="false" maxChoices="1" id="choicereduction">
		<prompt id="prompt">What is the main difference between Sigmund Freud and the neo-Freudians?</prompt>
<simpleChoice identifier="A" fixed="true">
Neo-Freudians reduced the emphasis on sex.
</simpleChoice>
<simpleChoice identifier="B" fixed="true">
Neo-Freudians theorized about personality while Sigmund Freud did not.
</simpleChoice>
<simpleChoice identifier="C" fixed="true">
Sigmund Freud did not emphasize childhood sexuality while the neo-Freudians did.
</simpleChoice>
<simpleChoice identifier="D" fixed="true">
Sigmund Freud was a feminist while the neo-Freudians were not.
</simpleChoice>
</choiceInteraction>
</itemBody>
<responseProcessing template="http://www.imsglobal.org/question/qti_v2p1/rptemplates/match_correct"/>
</assessmentItem>