<?xml version="1.0" encoding="UTF-8"?>
<assessmentItem identifier="Chapter11" title="Personality" adaptive="false" timeDependent="false" 
  xmlns:xsi="http://www.w3.org/2001/XMLSchema-instance" 
  xmlns="http://www.imsglobal.org/xsd/imsqti_v2p1"
  xsi:schemaLocation="http://www.imsglobal.org/xsd/imsqti_v2p1 http://www.imsglobal.org/xsd/qti/qtiv2p1/imsqti_v2p1p1.xsd">
    <responseDeclaration identifier="RESPONSE" cardinality="single" baseType="identifier">
<correctResponse>
<value>C</value>
</correctResponse>
</responseDeclaration>
     <outcomeDeclaration identifier="SCORE" cardinality="single" baseType="float" normalMaximum="1" normalMinimum="0">
      <defaultValue>
        <value>0</value>
      </defaultValue>
    </outcomeDeclaration>
  	<itemBody>
	<choiceInteraction responseIdentifier="RESPONSE" shuffle="false" maxChoices="1" id="choicereduction">
		<prompt id="prompt">According to Carl Jung, which of the following best served the goal of self-realization?</prompt>
<simpleChoice identifier="A" fixed="true">
ability of the extrovert to become an introvert in the second half of life
</simpleChoice>
<simpleChoice identifier="B" fixed="true">
ability of the introvert to become an extrovert in the second half of life
</simpleChoice>
<simpleChoice identifier="C" fixed="true">
balance between extroversion and introversion
</simpleChoice>
<simpleChoice identifier="D" fixed="true">
moving past the archetypes of the collective unconscious
</simpleChoice>
</choiceInteraction>
</itemBody>
<responseProcessing template="http://www.imsglobal.org/question/qti_v2p1/rptemplates/match_correct"/>
</assessmentItem>