<?xml version="1.0" encoding="UTF-8"?>
<assessmentItem identifier="Chapter11" title="Personality" adaptive="false" timeDependent="false" 
  xmlns:xsi="http://www.w3.org/2001/XMLSchema-instance" 
  xmlns="http://www.imsglobal.org/xsd/imsqti_v2p1"
  xsi:schemaLocation="http://www.imsglobal.org/xsd/imsqti_v2p1 http://www.imsglobal.org/xsd/qti/qtiv2p1/imsqti_v2p1p1.xsd">
    <responseDeclaration identifier="RESPONSE" cardinality="single" baseType="identifier">
<correctResponse>
<value>A</value>
</correctResponse>
</responseDeclaration>
     <outcomeDeclaration identifier="SCORE" cardinality="single" baseType="float" normalMaximum="1" normalMinimum="0">
      <defaultValue>
        <value>0</value>
      </defaultValue>
    </outcomeDeclaration>
  	<itemBody>
	<choiceInteraction responseIdentifier="RESPONSE" shuffle="false" maxChoices="1" id="choicereduction">
		<prompt id="prompt">Max&#8217;s behavior and self-presentation is relaxed and informal with his friends. When he goes on a job interview he projects professionalism and formality with his attire and language. What would Carl Jung suggest about Max?</prompt>
<simpleChoice identifier="A" fixed="true">
Max adopted a professional persona for his job interview.
</simpleChoice>
<simpleChoice identifier="B" fixed="true">
Max has become fixated at the Oedipal complex within the phallic stage.
</simpleChoice>
<simpleChoice identifier="C" fixed="true">
Max is overcompensating for an inferiority complex that was established in childhood.
</simpleChoice>
<simpleChoice identifier="D" fixed="true">
Max is an introvert who is trying hard to pretend that he is an extrovert.
</simpleChoice>
</choiceInteraction>
</itemBody>
<responseProcessing template="http://www.imsglobal.org/question/qti_v2p1/rptemplates/match_correct"/>
</assessmentItem>