<?xml version="1.0" encoding="UTF-8"?>
<assessmentItem identifier="Chapter11" title="Personality" adaptive="false" timeDependent="false" 
  xmlns:xsi="http://www.w3.org/2001/XMLSchema-instance" 
  xmlns="http://www.imsglobal.org/xsd/imsqti_v2p1"
  xsi:schemaLocation="http://www.imsglobal.org/xsd/imsqti_v2p1 http://www.imsglobal.org/xsd/qti/qtiv2p1/imsqti_v2p1p1.xsd">
    <responseDeclaration identifier="RESPONSE" cardinality="single" baseType="identifier">
<correctResponse>
<value>A</value>
</correctResponse>
</responseDeclaration>
     <outcomeDeclaration identifier="SCORE" cardinality="single" baseType="float" normalMaximum="1" normalMinimum="0">
      <defaultValue>
        <value>0</value>
      </defaultValue>
    </outcomeDeclaration>
  	<itemBody>
	<choiceInteraction responseIdentifier="RESPONSE" shuffle="false" maxChoices="1" id="choicereduction">
		<prompt id="prompt">What was responsible for the development of the indigenous model of studying the cultural context of personality?</prompt>
<simpleChoice identifier="A" fixed="true">
the dominance of Western approaches to studying personality in non-Western cultures
</simpleChoice>
<simpleChoice identifier="B" fixed="true">
the reality that many indigenous cultures were slowly disappearing from existence
</simpleChoice>
<simpleChoice identifier="C" fixed="true">
the unwillingness of professional journals to publish studies whose participants did not reflect different cultural backgrounds
</simpleChoice>
<simpleChoice identifier="D" fixed="true">
the American Psychological Association&#8217;s ethical guidelines requiring a multicultural approach to all research
</simpleChoice>
</choiceInteraction>
</itemBody>
<responseProcessing template="http://www.imsglobal.org/question/qti_v2p1/rptemplates/match_correct"/>
</assessmentItem>