<?xml version="1.0" encoding="UTF-8"?>
<assessmentItem identifier="Chapter11" title="Personality" adaptive="false" timeDependent="false" 
  xmlns:xsi="http://www.w3.org/2001/XMLSchema-instance" 
  xmlns="http://www.imsglobal.org/xsd/imsqti_v2p1"
  xsi:schemaLocation="http://www.imsglobal.org/xsd/imsqti_v2p1 http://www.imsglobal.org/xsd/qti/qtiv2p1/imsqti_v2p1p1.xsd">
    <responseDeclaration identifier="RESPONSE" cardinality="single" baseType="identifier">
<correctResponse>
<value>C</value>
</correctResponse>
</responseDeclaration>
     <outcomeDeclaration identifier="SCORE" cardinality="single" baseType="float" normalMaximum="1" normalMinimum="0">
      <defaultValue>
        <value>0</value>
      </defaultValue>
    </outcomeDeclaration>
  	<itemBody>
	<choiceInteraction responseIdentifier="RESPONSE" shuffle="false" maxChoices="1" id="choicereduction">
		<prompt id="prompt">What was the primary finding of the Minnesota Study of Twins Reared Apart?</prompt>
<simpleChoice identifier="A" fixed="true">
Fraternal twins have very similar personalities whether raised together or apart.
</simpleChoice>
<simpleChoice identifier="B" fixed="true">
Identical twins have very similar personality when raised together, but not when raised apart.
</simpleChoice>
<simpleChoice identifier="C" fixed="true">
Identical twins, whether raised together or apart, have very similar personalities.
</simpleChoice>
<simpleChoice identifier="D" fixed="true">
Twins of any kind have very similar personalities, regardless of where they are raised.
</simpleChoice>
</choiceInteraction>
</itemBody>
<responseProcessing template="http://www.imsglobal.org/question/qti_v2p1/rptemplates/match_correct"/>
</assessmentItem>