<?xml version="1.0" encoding="UTF-8"?>
<assessmentItem identifier="Chapter11" title="Personality" adaptive="false" timeDependent="false" 
  xmlns:xsi="http://www.w3.org/2001/XMLSchema-instance" 
  xmlns="http://www.imsglobal.org/xsd/imsqti_v2p1"
  xsi:schemaLocation="http://www.imsglobal.org/xsd/imsqti_v2p1 http://www.imsglobal.org/xsd/qti/qtiv2p1/imsqti_v2p1p1.xsd">
    <responseDeclaration identifier="RESPONSE" cardinality="single" baseType="identifier">
<correctResponse>
<value>D</value>
</correctResponse>
</responseDeclaration>
     <outcomeDeclaration identifier="SCORE" cardinality="single" baseType="float" normalMaximum="1" normalMinimum="0">
      <defaultValue>
        <value>0</value>
      </defaultValue>
    </outcomeDeclaration>
  	<itemBody>
	<choiceInteraction responseIdentifier="RESPONSE" shuffle="false" maxChoices="1" id="choicereduction">
		<prompt id="prompt">Johanna is almost <em>always </em>nasty to people. She talks about others behind their backs, looks for ways to undercut classmates, and intentionally does things to impede other&#8217;s success. Virtually everyone she knows eventually grows to dislike her, often citing her nastiness as the reason why they don&#8217;t want to be around her. According to Allport, this negativity seems to be a(n) &#95;&#95;&#95;&#95;&#95;&#95;&#95;&#95; trait for Johanna.</prompt>
<simpleChoice identifier="A" fixed="true">
tertiary
</simpleChoice>
<simpleChoice identifier="B" fixed="true">
secondary
</simpleChoice>
<simpleChoice identifier="C" fixed="true">
central
</simpleChoice>
<simpleChoice identifier="D" fixed="true">
cardinal
</simpleChoice>
</choiceInteraction>
</itemBody>
<responseProcessing template="http://www.imsglobal.org/question/qti_v2p1/rptemplates/match_correct"/>
</assessmentItem>