<?xml version="1.0" encoding="UTF-8"?>
<assessmentItem identifier="Chapter11" title="Personality" adaptive="false" timeDependent="false" 
  xmlns:xsi="http://www.w3.org/2001/XMLSchema-instance" 
  xmlns="http://www.imsglobal.org/xsd/imsqti_v2p1"
  xsi:schemaLocation="http://www.imsglobal.org/xsd/imsqti_v2p1 http://www.imsglobal.org/xsd/qti/qtiv2p1/imsqti_v2p1p1.xsd">
    <responseDeclaration identifier="RESPONSE" cardinality="single" baseType="identifier">
<correctResponse>
<value>C</value>
</correctResponse>
</responseDeclaration>
     <outcomeDeclaration identifier="SCORE" cardinality="single" baseType="float" normalMaximum="1" normalMinimum="0">
      <defaultValue>
        <value>0</value>
      </defaultValue>
    </outcomeDeclaration>
  	<itemBody>
	<choiceInteraction responseIdentifier="RESPONSE" shuffle="false" maxChoices="1" id="choicereduction">
		<prompt id="prompt">The &#95;&#95;&#95;&#95;&#95;&#95;&#95;&#95; uses images and storytelling that relate to minority cultures.</prompt>
<simpleChoice identifier="A" fixed="true">
Rorschach test
</simpleChoice>
<simpleChoice identifier="B" fixed="true">
Minnesota Multiphasic Personality Inventory (MMPI)
</simpleChoice>
<simpleChoice identifier="C" fixed="true">
TEMAS Multicultural Thematic Apperception Test
</simpleChoice>
<simpleChoice identifier="D" fixed="true">
Thematic Apperception Test (TAT)
</simpleChoice>
</choiceInteraction>
</itemBody>
<responseProcessing template="http://www.imsglobal.org/question/qti_v2p1/rptemplates/match_correct"/>
</assessmentItem>