<?xml version="1.0" encoding="UTF-8"?>
<assessmentItem identifier="Chapter11" title="Personality" adaptive="false" timeDependent="false" 
  xmlns:xsi="http://www.w3.org/2001/XMLSchema-instance" 
  xmlns="http://www.imsglobal.org/xsd/imsqti_v2p1"
  xsi:schemaLocation="http://www.imsglobal.org/xsd/imsqti_v2p1 http://www.imsglobal.org/xsd/qti/qtiv2p1/imsqti_v2p1p1.xsd">
    <responseDeclaration identifier="RESPONSE" cardinality="single" baseType="string">
<correctResponse>
<value>collective</value>
</correctResponse>
</responseDeclaration>  
   <outcomeDeclaration identifier="SCORE" cardinality="single" baseType="float" normalMaximum="1" normalMinimum="0">
      <defaultValue>
        <value>0</value>
      </defaultValue>
    </outcomeDeclaration>
  	<itemBody>
		<extendedTextInteraction format="plain" minStrings="1" responseIdentifier="RESPONSE">
			<prompt id="prompt">In Jung&#8217;s analytical psychology model, the &#95;&#95;&#95;&#95;&#95;&#95;&#95;&#95; unconscious was a proposed storehouse of mental patterns or traces, including ancestral memories, that are shared by all human beings.</prompt>
	</extendedTextInteraction>
	</itemBody>
</assessmentItem>