<?xml version="1.0" encoding="UTF-8"?>
 
 
 
<assessmentItem identifier="Chapter11" title="Personality" adaptive="false" timeDependent="false" 
  xmlns:xsi="http://www.w3.org/2001/XMLSchema-instance" 
  xmlns="http://www.imsglobal.org/xsd/imsqti_v2p1"
  xsi:schemaLocation="http://www.imsglobal.org/xsd/imsqti_v2p1 http://www.imsglobal.org/xsd/qti/qtiv2p1/imsqti_v2p1p1.xsd">
    <responseDeclaration identifier="RESPONSE" cardinality="single" baseType="string"/>
   <outcomeDeclaration identifier="SCORE" cardinality="single" baseType="float" normalMaximum="1" normalMinimum="0"/>
      <itemBody>
        <extendedTextInteraction format="plain" minStrings="1" responseIdentifier="RESPONSE">
            <prompt id="prompt">Briefly describe what Freud meant when he discussed the Oedipus complex.</prompt>
    </extendedTextInteraction>
 
 
 
    <p>Sample Answer: During the third stage of psychosexual development, Freud argued that boys develop a desire to possess their mother and a simultaneous resentment of their father. He felt that boys then fear their father in what he called castration anxiety. The complex is resolved through identification with the father.</p>
 
 
 
    </itemBody>
</assessmentItem>
 