<?xml version="1.0" encoding="UTF-8"?><assessmentItem identifier="Chapter12" title="Social Psychology" adaptive="false" timeDependent="false" 
  xmlns:xsi="http://www.w3.org/2001/XMLSchema-instance" 
  xmlns="http://www.imsglobal.org/xsd/imsqti_v2p1"
  xsi:schemaLocation="http://www.imsglobal.org/xsd/imsqti_v2p1 http://www.imsglobal.org/xsd/qti/qtiv2p1/imsqti_v2p1p1.xsd">
    <responseDeclaration identifier="RESPONSE" cardinality="single" baseType="identifier">
<correctResponse>
<value>D</value>
</correctResponse>
</responseDeclaration>
     <outcomeDeclaration identifier="SCORE" cardinality="single" baseType="float" normalMaximum="1" normalMinimum="0">
      <defaultValue>
        <value>0</value>
      </defaultValue>
    </outcomeDeclaration>
  	<itemBody>
	<choiceInteraction responseIdentifier="RESPONSE" shuffle="false" maxChoices="1" id="choicereduction">
		<prompt id="prompt">Kara gets an F on her social psychology exam. Then she goes home and gets into an argument with her roommate, Lee. Lee assumes Kara is yelling at him because she is just a nasty person, and does not consider that she may just have had a bad day and is venting. Lee is demonstrating &#95;&#95;&#95;&#95;&#95;&#95;&#95;&#95;. </prompt>
<simpleChoice identifier="A" fixed="true">
groupthink
</simpleChoice>
<simpleChoice identifier="B" fixed="true">
the self-serving bias
</simpleChoice>
<simpleChoice identifier="C" fixed="true">
the actor-observer effect
</simpleChoice>
<simpleChoice identifier="D" fixed="true">
the fundamental attribution error
</simpleChoice>
</choiceInteraction>
</itemBody>
<responseProcessing template="http://www.imsglobal.org/question/qti_v2p1/rptemplates/match_correct"/>
</assessmentItem>