<?xml version="1.0" encoding="UTF-8"?><assessmentItem identifier="Chapter12" title="Social Psychology" adaptive="false" timeDependent="false" 
  xmlns:xsi="http://www.w3.org/2001/XMLSchema-instance" 
  xmlns="http://www.imsglobal.org/xsd/imsqti_v2p1"
  xsi:schemaLocation="http://www.imsglobal.org/xsd/imsqti_v2p1 http://www.imsglobal.org/xsd/qti/qtiv2p1/imsqti_v2p1p1.xsd">
    <responseDeclaration identifier="RESPONSE" cardinality="single" baseType="identifier">
<correctResponse>
<value>A</value>
</correctResponse>
</responseDeclaration>
     <outcomeDeclaration identifier="SCORE" cardinality="single" baseType="float" normalMaximum="1" normalMinimum="0">
      <defaultValue>
        <value>0</value>
      </defaultValue>
    </outcomeDeclaration>
  	<itemBody>
	<choiceInteraction responseIdentifier="RESPONSE" shuffle="false" maxChoices="1" id="choicereduction">
		<prompt id="prompt">Which of the following is an example of a self-serving bias? </prompt>
<simpleChoice identifier="A" fixed="true">
Leonard attributes earning a good grade in his psychology class to the fact that he is an exceptionally hard working student who is also incredibly smart. He blames the poor grade he received in his sociology class on having a bad teacher who gave hard exams. 
</simpleChoice>
<simpleChoice identifier="B" fixed="true">
Leonard gets a bad grade in his psychology class and a good grade in his sociology class, so he believes he should study harder to prepare for his next psychology exam.
</simpleChoice>
<simpleChoice identifier="C" fixed="true">
Leonard gets bad grades in sociology and psychology, so he switches his major to biology because he will like it more.
</simpleChoice>
<simpleChoice identifier="D" fixed="true">
Leonard gets good grades in sociology and psychology, so he sends his professors a card thanking them for what good professors they are.
</simpleChoice>
</choiceInteraction>
</itemBody>
<responseProcessing template="http://www.imsglobal.org/question/qti_v2p1/rptemplates/match_correct"/>
</assessmentItem>