<?xml version="1.0" encoding="UTF-8"?><assessmentItem identifier="Chapter12" title="Social Psychology" adaptive="false" timeDependent="false" 
  xmlns:xsi="http://www.w3.org/2001/XMLSchema-instance" 
  xmlns="http://www.imsglobal.org/xsd/imsqti_v2p1"
  xsi:schemaLocation="http://www.imsglobal.org/xsd/imsqti_v2p1 http://www.imsglobal.org/xsd/qti/qtiv2p1/imsqti_v2p1p1.xsd">
    <responseDeclaration identifier="RESPONSE" cardinality="single" baseType="identifier">
<correctResponse>
<value>C</value>
</correctResponse>
</responseDeclaration>
     <outcomeDeclaration identifier="SCORE" cardinality="single" baseType="float" normalMaximum="1" normalMinimum="0">
      <defaultValue>
        <value>0</value>
      </defaultValue>
    </outcomeDeclaration>
  	<itemBody>
	<choiceInteraction responseIdentifier="RESPONSE" shuffle="false" maxChoices="1" id="choicereduction">
		<prompt id="prompt">Erikah has just arrived at the funeral of her friend&#8217;s father. Even though Erikah is usually very outspoken and jovial, she keeps her voice down, expresses her sympathy to the family members, and sits quietly and respectfully during the religious service. Erikah is following the &#95;&#95;&#95;&#95;&#95;&#95;&#95;&#95; of how to behave in this particular situation.</prompt>
<simpleChoice identifier="A" fixed="true">
social role
</simpleChoice>
<simpleChoice identifier="B" fixed="true">
social norm
</simpleChoice>
<simpleChoice identifier="C" fixed="true">
script
</simpleChoice>
<simpleChoice identifier="D" fixed="true">
heuristic
</simpleChoice>
</choiceInteraction>
</itemBody>
<responseProcessing template="http://www.imsglobal.org/question/qti_v2p1/rptemplates/match_correct"/>
</assessmentItem>