<?xml version="1.0" encoding="UTF-8"?><assessmentItem identifier="Chapter12" title="Social Psychology" adaptive="false" timeDependent="false" 
  xmlns:xsi="http://www.w3.org/2001/XMLSchema-instance" 
  xmlns="http://www.imsglobal.org/xsd/imsqti_v2p1"
  xsi:schemaLocation="http://www.imsglobal.org/xsd/imsqti_v2p1 http://www.imsglobal.org/xsd/qti/qtiv2p1/imsqti_v2p1p1.xsd">
    <responseDeclaration identifier="RESPONSE" cardinality="single" baseType="identifier">
<correctResponse>
<value>D</value>
</correctResponse>
</responseDeclaration>
     <outcomeDeclaration identifier="SCORE" cardinality="single" baseType="float" normalMaximum="1" normalMinimum="0">
      <defaultValue>
        <value>0</value>
      </defaultValue>
    </outcomeDeclaration>
  	<itemBody>
	<choiceInteraction responseIdentifier="RESPONSE" shuffle="false" maxChoices="1" id="choicereduction">
		<prompt id="prompt">What is a social role?</prompt>
<simpleChoice identifier="A" fixed="true">
group&#8217;s expectations regarding what is appropriate and acceptable for the thoughts and behavior of its members
</simpleChoice>
<simpleChoice identifier="B" fixed="true">
group&#8217;s knowledge about the sequence of events in a specific setting
</simpleChoice>
<simpleChoice identifier="C" fixed="true">
person&#8217;s knowledge about the sequence of events in a specific setting
</simpleChoice>
<simpleChoice identifier="D" fixed="true">
a pattern of behavior that is expected of a person in a given setting or group
</simpleChoice>
</choiceInteraction>
</itemBody>
<responseProcessing template="http://www.imsglobal.org/question/qti_v2p1/rptemplates/match_correct"/>
</assessmentItem>