<?xml version="1.0" encoding="UTF-8"?><assessmentItem identifier="Chapter12" title="Social Psychology" adaptive="false" timeDependent="false" 
  xmlns:xsi="http://www.w3.org/2001/XMLSchema-instance" 
  xmlns="http://www.imsglobal.org/xsd/imsqti_v2p1"
  xsi:schemaLocation="http://www.imsglobal.org/xsd/imsqti_v2p1 http://www.imsglobal.org/xsd/qti/qtiv2p1/imsqti_v2p1p1.xsd">
    <responseDeclaration identifier="RESPONSE" cardinality="single" baseType="identifier">
<correctResponse>
<value>C</value>
</correctResponse>
</responseDeclaration>
     <outcomeDeclaration identifier="SCORE" cardinality="single" baseType="float" normalMaximum="1" normalMinimum="0">
      <defaultValue>
        <value>0</value>
      </defaultValue>
    </outcomeDeclaration>
  	<itemBody>
	<choiceInteraction responseIdentifier="RESPONSE" shuffle="false" maxChoices="1" id="choicereduction">
		<prompt id="prompt">Which of the following is the best example of the foot-in-the-door technique of persuasion?</prompt>
<simpleChoice identifier="A" fixed="true">
anti-smoking advertisements that rely on celebrity spokespeople advocating for reduction in cigarette use
</simpleChoice>
<simpleChoice identifier="B" fixed="true">
anti-smoking advertisements that use charts and graphs to show how many people die from smoking-related causes each year
</simpleChoice>
<simpleChoice identifier="C" fixed="true">
getting your parents to agree to cut their smoking down by a few cigarettes, then asking them to quit altogether
</simpleChoice>
<simpleChoice identifier="D" fixed="true">
supporting your sister who has decided to go cold turkey in order to quit smoking
</simpleChoice>
</choiceInteraction>
</itemBody>
<responseProcessing template="http://www.imsglobal.org/question/qti_v2p1/rptemplates/match_correct"/>
</assessmentItem>