<?xml version="1.0" encoding="UTF-8"?><assessmentItem identifier="Chapter12" title="Social Psychology" adaptive="false" timeDependent="false" 
  xmlns:xsi="http://www.w3.org/2001/XMLSchema-instance" 
  xmlns="http://www.imsglobal.org/xsd/imsqti_v2p1"
  xsi:schemaLocation="http://www.imsglobal.org/xsd/imsqti_v2p1 http://www.imsglobal.org/xsd/qti/qtiv2p1/imsqti_v2p1p1.xsd">
    <responseDeclaration identifier="RESPONSE" cardinality="single" baseType="identifier">
<correctResponse>
<value>C</value>
</correctResponse>
</responseDeclaration>
     <outcomeDeclaration identifier="SCORE" cardinality="single" baseType="float" normalMaximum="1" normalMinimum="0">
      <defaultValue>
        <value>0</value>
      </defaultValue>
    </outcomeDeclaration>
  	<itemBody>
	<choiceInteraction responseIdentifier="RESPONSE" shuffle="false" maxChoices="1" id="choicereduction">
		<prompt id="prompt">In Stanley Milgram&#8217;s obedience research, the person playing the part of the &#8220;learner&#8221; was an accomplice, or &#95;&#95;&#95;&#95;&#95;&#95;&#95;&#95;, of the experiment. He was aware of the true purpose of the research, was never shocked, and was acting according to Milgram&#8217;s instructions.</prompt>
<simpleChoice identifier="A" fixed="true">
ally
</simpleChoice>
<simpleChoice identifier="B" fixed="true">
associate
</simpleChoice>
<simpleChoice identifier="C" fixed="true">
confederate
</simpleChoice>
<simpleChoice identifier="D" fixed="true">
union
</simpleChoice>
</choiceInteraction>
</itemBody>
<responseProcessing template="http://www.imsglobal.org/question/qti_v2p1/rptemplates/match_correct"/>
</assessmentItem>