<?xml version="1.0" encoding="UTF-8"?><assessmentItem identifier="Chapter12" title="Social Psychology" adaptive="false" timeDependent="false" 
  xmlns:xsi="http://www.w3.org/2001/XMLSchema-instance" 
  xmlns="http://www.imsglobal.org/xsd/imsqti_v2p1"
  xsi:schemaLocation="http://www.imsglobal.org/xsd/imsqti_v2p1 http://www.imsglobal.org/xsd/qti/qtiv2p1/imsqti_v2p1p1.xsd">
    <responseDeclaration identifier="RESPONSE" cardinality="single" baseType="identifier">
<correctResponse>
<value>A</value>
</correctResponse>
</responseDeclaration>
     <outcomeDeclaration identifier="SCORE" cardinality="single" baseType="float" normalMaximum="1" normalMinimum="0">
      <defaultValue>
        <value>0</value>
      </defaultValue>
    </outcomeDeclaration>
  	<itemBody>
	<choiceInteraction responseIdentifier="RESPONSE" shuffle="false" maxChoices="1" id="choicereduction">
		<prompt id="prompt">Henry is juror number four in a murder trial. He believes the accused is guilty, but when the jurors vote it becomes clear he is the only one that thinks this way. Henry votes not guilty along with the other jurors despite what he sees as evidence clearly indicating guilt. This is an example of the &#95;&#95;&#95;&#95;&#95;&#95;&#95;&#95; effect.</prompt>
<simpleChoice identifier="A" fixed="true">
Asch
</simpleChoice>
<simpleChoice identifier="B" fixed="true">
Cacioppo
</simpleChoice>
<simpleChoice identifier="C" fixed="true">
Milgram
</simpleChoice>
<simpleChoice identifier="D" fixed="true">
Zimbardo
</simpleChoice>
</choiceInteraction>
</itemBody>
<responseProcessing template="http://www.imsglobal.org/question/qti_v2p1/rptemplates/match_correct"/>
</assessmentItem>