<?xml version="1.0" encoding="UTF-8"?><assessmentItem identifier="Chapter12" title="Social Psychology" adaptive="false" timeDependent="false" 
  xmlns:xsi="http://www.w3.org/2001/XMLSchema-instance" 
  xmlns="http://www.imsglobal.org/xsd/imsqti_v2p1"
  xsi:schemaLocation="http://www.imsglobal.org/xsd/imsqti_v2p1 http://www.imsglobal.org/xsd/qti/qtiv2p1/imsqti_v2p1p1.xsd">
    <responseDeclaration identifier="RESPONSE" cardinality="single" baseType="identifier">
<correctResponse>
<value>D</value>
</correctResponse>
</responseDeclaration>
     <outcomeDeclaration identifier="SCORE" cardinality="single" baseType="float" normalMaximum="1" normalMinimum="0">
      <defaultValue>
        <value>0</value>
      </defaultValue>
    </outcomeDeclaration>
  	<itemBody>
	<choiceInteraction responseIdentifier="RESPONSE" shuffle="false" maxChoices="1" id="choicereduction">
		<prompt id="prompt">Orlando shares with a friend that he does not like people who are homosexual, and that he goes out of his way at work to avoid helping customers who he suspects are gay. His friend says to him, &#8220;man, that isn&#8217;t a cool way to be. You do realize that you&#8217;re expressing a form of prejudice called &#95;&#95;&#95;&#95;&#95;&#95;&#95;&#95;, don&#8217;t you?&#8221;</prompt>
<simpleChoice identifier="A" fixed="true">
gender dysphoria
</simpleChoice>
<simpleChoice identifier="B" fixed="true">
asexuality
</simpleChoice>
<simpleChoice identifier="C" fixed="true">
transphobia
</simpleChoice>
<simpleChoice identifier="D" fixed="true">
homophobia
</simpleChoice>
</choiceInteraction>
</itemBody>
<responseProcessing template="http://www.imsglobal.org/question/qti_v2p1/rptemplates/match_correct"/>
</assessmentItem>