<?xml version="1.0" encoding="UTF-8"?><assessmentItem identifier="Chapter12" title="Social Psychology" adaptive="false" timeDependent="false" 
  xmlns:xsi="http://www.w3.org/2001/XMLSchema-instance" 
  xmlns="http://www.imsglobal.org/xsd/imsqti_v2p1"
  xsi:schemaLocation="http://www.imsglobal.org/xsd/imsqti_v2p1 http://www.imsglobal.org/xsd/qti/qtiv2p1/imsqti_v2p1p1.xsd">
    <responseDeclaration identifier="RESPONSE" cardinality="single" baseType="identifier">
<correctResponse>
<value>B</value>
</correctResponse>
</responseDeclaration>
     <outcomeDeclaration identifier="SCORE" cardinality="single" baseType="float" normalMaximum="1" normalMinimum="0">
      <defaultValue>
        <value>0</value>
      </defaultValue>
    </outcomeDeclaration>
  	<itemBody>
	<choiceInteraction responseIdentifier="RESPONSE" shuffle="false" maxChoices="1" id="choicereduction">
		<prompt id="prompt">What is the main point of the textbook discussion of Milgram&#8217;s obedience study?</prompt>
<simpleChoice identifier="A" fixed="true">
When acting in a group, people will obey authority to the point of potentially causing serious harm to another person.
</simpleChoice>
<simpleChoice identifier="B" fixed="true">
Individuals will obey authority to the point of potentially causing serious harm to another person.
</simpleChoice>
<simpleChoice identifier="C" fixed="true">
Stanley Milgram was driven by political and personal agendas that demonstrated how research can be biased.
</simpleChoice>
<simpleChoice identifier="D" fixed="true">
Research is only useful if it can be successfully replicated time and time again.
</simpleChoice>
</choiceInteraction>
</itemBody>
<responseProcessing template="http://www.imsglobal.org/question/qti_v2p1/rptemplates/match_correct"/>
</assessmentItem>