<?xml version="1.0" encoding="UTF-8"?><assessmentItem identifier="Chapter12" title="Social Psychology" adaptive="false" timeDependent="false" 
  xmlns:xsi="http://www.w3.org/2001/XMLSchema-instance" 
  xmlns="http://www.imsglobal.org/xsd/imsqti_v2p1"
  xsi:schemaLocation="http://www.imsglobal.org/xsd/imsqti_v2p1 http://www.imsglobal.org/xsd/qti/qtiv2p1/imsqti_v2p1p1.xsd">
    <responseDeclaration identifier="RESPONSE" cardinality="single" baseType="identifier">
<correctResponse>
<value>B</value>
</correctResponse>
</responseDeclaration>
     <outcomeDeclaration identifier="SCORE" cardinality="single" baseType="float" normalMaximum="1" normalMinimum="0">
      <defaultValue>
        <value>0</value>
      </defaultValue>
    </outcomeDeclaration>
  	<itemBody>
	<choiceInteraction responseIdentifier="RESPONSE" shuffle="false" maxChoices="1" id="choicereduction">
		<prompt id="prompt">Jasmin belongs to the chess club on her campus. She prefers to associate with other members of the chess club while avoiding people that do not belong to this group. She thinks that those who do not play chess must be less intelligent than those who do, and thus she doesn&#8217;t want to spend time with them. Jasmin has a(n) &#95;&#95;&#95;&#95;&#95;&#95;&#95;&#95; bias.</prompt>
<simpleChoice identifier="A" fixed="true">
confirmation
</simpleChoice>
<simpleChoice identifier="B" fixed="true">
in-group 
</simpleChoice>
<simpleChoice identifier="C" fixed="true">
out-group 
</simpleChoice>
<simpleChoice identifier="D" fixed="true">
scapegoating
</simpleChoice>
</choiceInteraction>
</itemBody>
<responseProcessing template="http://www.imsglobal.org/question/qti_v2p1/rptemplates/match_correct"/>
</assessmentItem>