<?xml version="1.0" encoding="UTF-8"?><assessmentItem identifier="Chapter12" title="Social Psychology" adaptive="false" timeDependent="false" 
  xmlns:xsi="http://www.w3.org/2001/XMLSchema-instance" 
  xmlns="http://www.imsglobal.org/xsd/imsqti_v2p1"
  xsi:schemaLocation="http://www.imsglobal.org/xsd/imsqti_v2p1 http://www.imsglobal.org/xsd/qti/qtiv2p1/imsqti_v2p1p1.xsd">
    <responseDeclaration identifier="RESPONSE" cardinality="single" baseType="identifier">
<correctResponse>
<value>D</value>
</correctResponse>
</responseDeclaration>
     <outcomeDeclaration identifier="SCORE" cardinality="single" baseType="float" normalMaximum="1" normalMinimum="0">
      <defaultValue>
        <value>0</value>
      </defaultValue>
    </outcomeDeclaration>
  	<itemBody>
	<choiceInteraction responseIdentifier="RESPONSE" shuffle="false" maxChoices="1" id="choicereduction">
		<prompt id="prompt">What is the single most important fact that predicts the person with whom you will become friends or have a romantic relationship?</prompt>
<simpleChoice identifier="A" fixed="true">
your financial wellbeing
</simpleChoice>
<simpleChoice identifier="B" fixed="true">
your physical attractiveness
</simpleChoice>
<simpleChoice identifier="C" fixed="true">
your similarity to others you meet
</simpleChoice>
<simpleChoice identifier="D" fixed="true">
the amount of contact you have with people
</simpleChoice>
</choiceInteraction>
</itemBody>
<responseProcessing template="http://www.imsglobal.org/question/qti_v2p1/rptemplates/match_correct"/>
</assessmentItem>