<?xml version="1.0" encoding="UTF-8"?><assessmentItem identifier="Chapter12" title="Social Psychology" adaptive="false" timeDependent="false" 
  xmlns:xsi="http://www.w3.org/2001/XMLSchema-instance" 
  xmlns="http://www.imsglobal.org/xsd/imsqti_v2p1"
  xsi:schemaLocation="http://www.imsglobal.org/xsd/imsqti_v2p1 http://www.imsglobal.org/xsd/qti/qtiv2p1/imsqti_v2p1p1.xsd">
    <responseDeclaration identifier="RESPONSE" cardinality="single" baseType="identifier">
<correctResponse>
<value>C</value>
</correctResponse>
</responseDeclaration>
     <outcomeDeclaration identifier="SCORE" cardinality="single" baseType="float" normalMaximum="1" normalMinimum="0">
      <defaultValue>
        <value>0</value>
      </defaultValue>
    </outcomeDeclaration>
  	<itemBody>
	<choiceInteraction responseIdentifier="RESPONSE" shuffle="false" maxChoices="1" id="choicereduction">
		<prompt id="prompt">Heather and Mike share the household chores as equally as possible. They take turns with the cooking and driving their son to daycare. Both of them work outside the home, and each of them takes responsibility for child care one night a week to give the other one a break. We can say that their relationship has a high level of &#95;&#95;&#95;&#95;&#95;&#95;&#95;&#95;.</prompt>
<simpleChoice identifier="A" fixed="true">
altruism
</simpleChoice>
<simpleChoice identifier="B" fixed="true">
groupthink
</simpleChoice>
<simpleChoice identifier="C" fixed="true">
reciprocity
</simpleChoice>
<simpleChoice identifier="D" fixed="true">
infatuation
</simpleChoice>
</choiceInteraction>
</itemBody>
<responseProcessing template="http://www.imsglobal.org/question/qti_v2p1/rptemplates/match_correct"/>
</assessmentItem>