<?xml version="1.0" encoding="UTF-8"?><assessmentItem identifier="Chapter12" title="Social Psychology" adaptive="false" timeDependent="false" 
  xmlns:xsi="http://www.w3.org/2001/XMLSchema-instance" 
  xmlns="http://www.imsglobal.org/xsd/imsqti_v2p1"
  xsi:schemaLocation="http://www.imsglobal.org/xsd/imsqti_v2p1 http://www.imsglobal.org/xsd/qti/qtiv2p1/imsqti_v2p1p1.xsd">
    <responseDeclaration identifier="RESPONSE" cardinality="single" baseType="identifier">
<correctResponse>
<value>B</value>
</correctResponse>
</responseDeclaration>
     <outcomeDeclaration identifier="SCORE" cardinality="single" baseType="float" normalMaximum="1" normalMinimum="0">
      <defaultValue>
        <value>0</value>
      </defaultValue>
    </outcomeDeclaration>
  	<itemBody>
	<choiceInteraction responseIdentifier="RESPONSE" shuffle="false" maxChoices="1" id="choicereduction">
		<prompt id="prompt">Which of the following statements is incorrect regarding social exchange theory?</prompt>
<simpleChoice identifier="A" fixed="true">
Most people are dissatisfied if their social exchanges create more costs than benefits.
</simpleChoice>
<simpleChoice identifier="B" fixed="true">
People are dissatisfied if their social exchanges create more costs than benefits unless the relationship is an example of consummate love.
</simpleChoice>
<simpleChoice identifier="C" fixed="true">
People are motivated to maximize the benefits of social exchanges, or relationships, and minimize the costs.
</simpleChoice>
<simpleChoice identifier="D" fixed="true">
People prefer to have more benefits than costs or to have nearly equal costs and benefits.
</simpleChoice>
</choiceInteraction>
</itemBody>
<responseProcessing template="http://www.imsglobal.org/question/qti_v2p1/rptemplates/match_correct"/>
</assessmentItem>