<?xml version="1.0" encoding="UTF-8"?><assessmentItem identifier="Chapter12" title="Social Psychology" adaptive="false" timeDependent="false" 
  xmlns:xsi="http://www.w3.org/2001/XMLSchema-instance" 
  xmlns="http://www.imsglobal.org/xsd/imsqti_v2p1"
  xsi:schemaLocation="http://www.imsglobal.org/xsd/imsqti_v2p1 http://www.imsglobal.org/xsd/qti/qtiv2p1/imsqti_v2p1p1.xsd">
    <responseDeclaration identifier="RESPONSE" cardinality="single" baseType="identifier">
<correctResponse>
<value>D</value>
</correctResponse>
</responseDeclaration>
     <outcomeDeclaration identifier="SCORE" cardinality="single" baseType="float" normalMaximum="1" normalMinimum="0">
      <defaultValue>
        <value>0</value>
      </defaultValue>
    </outcomeDeclaration>
  	<itemBody>
	<choiceInteraction responseIdentifier="RESPONSE" shuffle="false" maxChoices="1" id="choicereduction">
		<prompt id="prompt">What is a main feature of the jigsaw classroom?</prompt>
<simpleChoice identifier="A" fixed="true">
participants are required to express at least one of their own held biases or prejudices
</simpleChoice>
<simpleChoice identifier="B" fixed="true">
people work together toward a superordinate goal that cannot be achieved without cooperation
</simpleChoice>
<simpleChoice identifier="C" fixed="true">
adults are forced to work together to solve a puzzle but does not know that there are pieces missing
</simpleChoice>
<simpleChoice identifier="D" fixed="true">
students work together with others who are of different racial backgrounds or different ability sets
</simpleChoice>
</choiceInteraction>
</itemBody>
<responseProcessing template="http://www.imsglobal.org/question/qti_v2p1/rptemplates/match_correct"/>
</assessmentItem>