<?xml version="1.0" encoding="UTF-8"?><assessmentItem identifier="Chapter12" title="Social Psychology" adaptive="false" timeDependent="false"
  xmlns:xsi="http://www.w3.org/2001/XMLSchema-instance"
  xmlns="http://www.imsglobal.org/xsd/imsqti_v2p1"
  xsi:schemaLocation="http://www.imsglobal.org/xsd/imsqti_v2p1 http://www.imsglobal.org/xsd/qti/qtiv2p1/imsqti_v2p1p1.xsd">
    <responseDeclaration identifier="RESPONSE" cardinality="single" baseType="string">
<correctResponse>
<value>Answers may vary, but may include two of the following:
 
the belief that the group is morally correct.
when group members censor their own opinions, withholding information that is contrary to what the group has decided.
everyone thinks they share a unanimous viewpoint.
quashing the opinions of dissenting group members
perceiving the group as invulnerable and/or invincible
shielding the group leader from dissenting views
holding stereotypes or negative attitudes toward out-group or others with differing views
</value>
</correctResponse>
</responseDeclaration>
   <outcomeDeclaration identifier="SCORE" cardinality="single" baseType="float" normalMaximum="1" normalMinimum="0">
      <defaultValue>
        <value>0</value>
      </defaultValue>
    </outcomeDeclaration>
      <itemBody>
        <extendedTextInteraction format="plain" minStrings="1" responseIdentifier="RESPONSE">
            <prompt id="prompt">Name at least two of the characteristics of groupthink.</prompt>
    </extendedTextInteraction>
    </itemBody>
</assessmentItem>