<?xml version="1.0" encoding="UTF-8"?><assessmentItem identifier="Chapter12" title="Social Psychology" adaptive="false" timeDependent="false" 
  xmlns:xsi="http://www.w3.org/2001/XMLSchema-instance" 
  xmlns="http://www.imsglobal.org/xsd/imsqti_v2p1"
  xsi:schemaLocation="http://www.imsglobal.org/xsd/imsqti_v2p1 http://www.imsglobal.org/xsd/qti/qtiv2p1/imsqti_v2p1p1.xsd">
  <responseDeclaration identifier="RESPONSE" cardinality="single" baseType="string" />
    <outcomeDeclaration identifier="SCORE" cardinality="single" baseType="float" normalMaximum="1" normalMinimum="0"/>	<itemBody>
		<extendedTextInteraction format="plain" minStrings="1" responseIdentifier="RESPONSE">
			<prompt id="prompt">Explain the difference between racism, prejudice, and discrimination.</prompt>
	</extendedTextInteraction>
	<p>Sample Answer: Discrimination is a negative action toward an individual as a result of one&#8217;s membership in a particular group. Prejudice is not an action you take&#8212;it is negative thoughts or feelings about members of a different group. Prejudice and discrimination are not necessarily about race&#8212; you can be prejudiced or discriminate against someone for reasons unrelated to race. Racism is a combination of prejudice and discrimination against an individual based solely on one&#8217;s membership in a specific racial group.</p>
	</itemBody></assessmentItem>