<?xml version="1.0" encoding="UTF-8"?>
<assessmentItem identifier="Chapter12" title="Social Psychology" adaptive="false" timeDependent="false" 
  xmlns:xsi="http://www.w3.org/2001/XMLSchema-instance" 
  xmlns="http://www.imsglobal.org/xsd/imsqti_v2p1"
  xsi:schemaLocation="http://www.imsglobal.org/xsd/imsqti_v2p1 http://www.imsglobal.org/xsd/qti/qtiv2p1/imsqti_v2p1p1.xsd">
  <responseDeclaration identifier="RESPONSE" cardinality="single" baseType="string" />
    <outcomeDeclaration identifier="SCORE" cardinality="single" baseType="float" normalMaximum="1" normalMinimum="0"/>	<itemBody>
		<extendedTextInteraction format="plain" minStrings="1" responseIdentifier="RESPONSE">
			<prompt id="prompt">What are the three components of an attitude? Give an example of an attitude and distinguish each of these three components for those components.</prompt>
	</extendedTextInteraction>
	<p>Sample Answer: The three components are the affective, behavioral, and cognitive components. Provided examples will vary.</p>
	</itemBody></assessmentItem>
	
	
	