<?xml version="1.0" encoding="UTF-8"?><assessmentItem identifier="Chapter12" title="Social Psychology" adaptive="false" timeDependent="false" 
  xmlns:xsi="http://www.w3.org/2001/XMLSchema-instance" 
  xmlns="http://www.imsglobal.org/xsd/imsqti_v2p1"
  xsi:schemaLocation="http://www.imsglobal.org/xsd/imsqti_v2p1 http://www.imsglobal.org/xsd/qti/qtiv2p1/imsqti_v2p1p1.xsd">
    <responseDeclaration identifier="RESPONSE" cardinality="single" baseType="string">
<correctResponse>
<value>The textbook specifically discussed racism, sexism, ageism, and homophobia. Instructors may wish to extend the question to ask for a definition and/or example of each provided answer.</value>
</correctResponse>
</responseDeclaration>  
   <outcomeDeclaration identifier="SCORE" cardinality="single" baseType="float" normalMaximum="1" normalMinimum="0">
      <defaultValue>
        <value>0</value>
      </defaultValue>
    </outcomeDeclaration>
  	<itemBody>
		<extendedTextInteraction format="plain" minStrings="1" responseIdentifier="RESPONSE">
			<prompt id="prompt">Identify at least two of the different forms of prejudice and discrimination that were discussed in the textbook.</prompt>
	</extendedTextInteraction>
	</itemBody>
</assessmentItem>