<?xml version="1.0" encoding="UTF-8"?>
<assessmentItem identifier="Chapter12" title="Social Psychology" adaptive="false" timeDependent="false" 
  xmlns:xsi="http://www.w3.org/2001/XMLSchema-instance" 
  xmlns="http://www.imsglobal.org/xsd/imsqti_v2p1"
  xsi:schemaLocation="http://www.imsglobal.org/xsd/imsqti_v2p1 http://www.imsglobal.org/xsd/qti/qtiv2p1/imsqti_v2p1p1.xsd">
  <responseDeclaration identifier="RESPONSE" cardinality="single" baseType="string" />
    <outcomeDeclaration identifier="SCORE" cardinality="single" baseType="float" normalMaximum="1" normalMinimum="0"/>	<itemBody>
		<extendedTextInteraction format="plain" minStrings="1" responseIdentifier="RESPONSE">
			<prompt id="prompt">How is situationism different from dispositionism?</prompt>
	</extendedTextInteraction>
	<p>Sample Answer: Situationism is the view that our behavior and actions are determined by our immediate environment and surroundings, such as the social roles we play or the number of bystanders present in the immediate vicinity. In contrast, dispositionism holds that our behavior is determined by internal factors, such as our personality.</p>
	</itemBody></assessmentItem>
	
	
	
	