<?xml version="1.0" encoding="UTF-8"?>
<assessmentItem identifier="Chapter4" title=" States of Consciousness" adaptive="false" timeDependent="false" 
  xmlns:xsi="http://www.w3.org/2001/XMLSchema-instance" 
  xmlns="http://www.imsglobal.org/xsd/imsqti_v2p1"
  xsi:schemaLocation="http://www.imsglobal.org/xsd/imsqti_v2p1 http://www.imsglobal.org/xsd/qti/qtiv2p1/imsqti_v2p1p1.xsd">
    <responseDeclaration identifier="RESPONSE" cardinality="single" baseType="identifier">
<correctResponse>
<value>B</value>
</correctResponse>
</responseDeclaration>
     <outcomeDeclaration identifier="SCORE" cardinality="single" baseType="float" normalMaximum="1" normalMinimum="0">
      <defaultValue>
        <value>0</value>
      </defaultValue>
    </outcomeDeclaration>
  	<itemBody>
	<choiceInteraction responseIdentifier="RESPONSE" shuffle="false" maxChoices="1" id="choicereduction">
		<prompt id="prompt">Mona lives on the east coast of the USA. She takes an overnight flight to the west coast to visit with family for a month; when she arrives she is fatigued, sluggish, and irritable. For the next week or so she has trouble sleeping. Mona is probably suffering from &#95;&#95;&#95;&#95;&#95;&#95;&#95;&#95;.</prompt>
<simpleChoice identifier="A" fixed="true">
homeostasis
</simpleChoice>
<simpleChoice identifier="B" fixed="true">
jet lag
</simpleChoice>
<simpleChoice identifier="C" fixed="true">
night terrors
</simpleChoice>
<simpleChoice identifier="D" fixed="true">
parasomnia
</simpleChoice>
</choiceInteraction>
</itemBody>
<responseProcessing template="http://www.imsglobal.org/question/qti_v2p1/rptemplates/match_correct"/>
</assessmentItem>