<?xml version="1.0" encoding="UTF-8"?>
<assessmentItem identifier="Chapter4" title=" States of Consciousness" adaptive="false" timeDependent="false" 
  xmlns:xsi="http://www.w3.org/2001/XMLSchema-instance" 
  xmlns="http://www.imsglobal.org/xsd/imsqti_v2p1"
  xsi:schemaLocation="http://www.imsglobal.org/xsd/imsqti_v2p1 http://www.imsglobal.org/xsd/qti/qtiv2p1/imsqti_v2p1p1.xsd">
    <responseDeclaration identifier="RESPONSE" cardinality="single" baseType="identifier">
<correctResponse>
<value>C</value>
</correctResponse>
</responseDeclaration>
     <outcomeDeclaration identifier="SCORE" cardinality="single" baseType="float" normalMaximum="1" normalMinimum="0">
      <defaultValue>
        <value>0</value>
      </defaultValue>
    </outcomeDeclaration>
  	<itemBody>
	<choiceInteraction responseIdentifier="RESPONSE" shuffle="false" maxChoices="1" id="choicereduction">
		<prompt id="prompt">Tayla smokes marijuana. At first, just a few inhalations were enough to cloud her mind. Over time, she needs to smoke more and more to achieve the same effect. This is an example of &#95;&#95;&#95;&#95;&#95;&#95;&#95;&#95;.</prompt>
<simpleChoice identifier="A" fixed="true">
physical dependence
</simpleChoice>
<simpleChoice identifier="B" fixed="true">
psychological dependence
</simpleChoice>
<simpleChoice identifier="C" fixed="true">
tolerance
</simpleChoice>
<simpleChoice identifier="D" fixed="true">
withdrawal
</simpleChoice>
</choiceInteraction>
</itemBody>
<responseProcessing template="http://www.imsglobal.org/question/qti_v2p1/rptemplates/match_correct"/>
</assessmentItem>