<?xml version="1.0" encoding="UTF-8"?>
<assessmentItem identifier="Chapter4" title=" States of Consciousness" adaptive="false" timeDependent="false" 
  xmlns:xsi="http://www.w3.org/2001/XMLSchema-instance" 
  xmlns="http://www.imsglobal.org/xsd/imsqti_v2p1"
  xsi:schemaLocation="http://www.imsglobal.org/xsd/imsqti_v2p1 http://www.imsglobal.org/xsd/qti/qtiv2p1/imsqti_v2p1p1.xsd">
    <responseDeclaration identifier="RESPONSE" cardinality="single" baseType="identifier">
<correctResponse>
<value>D</value>
</correctResponse>
</responseDeclaration>
     <outcomeDeclaration identifier="SCORE" cardinality="single" baseType="float" normalMaximum="1" normalMinimum="0">
      <defaultValue>
        <value>0</value>
      </defaultValue>
    </outcomeDeclaration>
  	<itemBody>
	<choiceInteraction responseIdentifier="RESPONSE" shuffle="false" maxChoices="1" id="choicereduction">
		<prompt id="prompt">Shoresh suggests that Ted cluck like a chicken during the hypnosis not because he is experiencing an altered state of consciousness but because he is playing the role of a hypnotized person. This is a good example of the &#95;&#95;&#95;&#95;&#95;&#95;&#95;&#95; theory of hypnosis.</prompt>
<simpleChoice identifier="A" fixed="true">
cognitive-behavioral
</simpleChoice>
<simpleChoice identifier="B" fixed="true">
dissociative
</simpleChoice>
<simpleChoice identifier="C" fixed="true">
hypnotic mediation
</simpleChoice>
<simpleChoice identifier="D" fixed="true">
social-cognitive
</simpleChoice>
</choiceInteraction>
</itemBody>
<responseProcessing template="http://www.imsglobal.org/question/qti_v2p1/rptemplates/match_correct"/>
</assessmentItem>