<?xml version="1.0" encoding="UTF-8"?>
<assessmentItem identifier="Chapter4" title=" States of Consciousness" adaptive="false" timeDependent="false" 
  xmlns:xsi="http://www.w3.org/2001/XMLSchema-instance" 
  xmlns="http://www.imsglobal.org/xsd/imsqti_v2p1"
  xsi:schemaLocation="http://www.imsglobal.org/xsd/imsqti_v2p1 http://www.imsglobal.org/xsd/qti/qtiv2p1/imsqti_v2p1p1.xsd">
    <responseDeclaration identifier="RESPONSE" cardinality="single" baseType="string">
<correctResponse>
<value>8 to 10 (8-10; eight to ten)</value>
</correctResponse>
</responseDeclaration>  
   <outcomeDeclaration identifier="SCORE" cardinality="single" baseType="float" normalMaximum="1" normalMinimum="0">
      <defaultValue>
        <value>0</value>
      </defaultValue>
    </outcomeDeclaration>
  	<itemBody>
		<extendedTextInteraction format="plain" minStrings="1" responseIdentifier="RESPONSE">
			<prompt id="prompt">The National Sleep Foundation suggests that the average 14- to 17-year-old adolescent get about &#95;&#95;&#95;&#95;&#95;&#95;&#95;&#95; hours of sleep a night (hint: the answer is a range of hours, not a single number)</prompt>
	</extendedTextInteraction>
	</itemBody>
</assessmentItem>