<?xml version="1.0" encoding="utf-8"?>
<manifest identifier="Chapter12" 
  xmlns="http://www.imsglobal.org/xsd/imscp_v1p1" 
  xmlns:xsi="http://www.w3.org/2001/XMLSchema-instance" 
  xsi:schemaLocation="http://www.imsglobal.org/xsd/imscp_v1p1
  http://www.imsglobal.org/xsd/qti/qtiv2p1/qtiv2p1_imscpv1p2_v1p0.xsd
  http://ltsc.ieee.org/xsd/LOM 
  http://www.imsglobal.org/xsd/imsmd_loose_v1p3p2.xsd                       
  http://www.imsglobal.org/xsd/imsqti_metadata_v2p1
  http://www.imsglobal.org/xsd/qti/qtiv2p1/imsqti_metadata_v2p1p1.xsd">
  <metadata>
    <schema>QTIv2.1 Package</schema>
    <schemaversion>1.0.0</schemaversion>
    <lom xmlns="http://ltsc.ieee.org/xsd/LOM">
      <educational>
        <learningResourceType>
          <source>QTIv2.1</source>
          <value>QTI Package</value>
        </learningResourceType>
      </educational>
      <general>
        <identifier>
          <entry>Manifest_qtiv2p1_EntryTest_VE_IP_11</entry>
        </identifier>
        <title>
          <string>QTI 2.1 Entry Level Compliance Test: VE_IP_11</string>
        </title>
      </general>
      <lifeCycle>
        <contribute />
        <version>
          <string>Final 1.0</string>
        </version>
      </lifeCycle>
      <rights>
        <copyrightAndOtherRestrictions>
          <source>LOMv1.0</source>
          <value>yes</value>
        </copyrightAndOtherRestrictions>
        <description>
          <string>2013 IMS Global Learning Consortium Inc.</string>
        </description>
      </rights>
    </lom>
  </metadata>
  <organizations />
  <resources>
<resource type="imsqti_item_xmlv2p1" identifier="ResourceItem01" href="Items/Q0001_Chapter12.xml">
<metadata>
<lom xmlns="http://ltsc.ieee.org/xsd/LOM">
<general>
<identifier>
<entry>VE_IP_01</entry>
</identifier>
<title></title>
</general>
<lifeCycle>
<contribute />
<version>
<string>Final 1.0</string>
</version>
</lifeCycle>
<educational>
<description>
<string>The MC/SR Question.</string>
</description>
</educational>
<qtiMetadata xmlns="http://www.imsglobal.org/xsd/imsqti_metadata_v2p1">
<interactionType>choiceInteraction</interactionType>
<feedbackType>none</feedbackType>
<solutionAvailable>false</solutionAvailable>
</qtiMetadata>
</lom>
</metadata>
<file href="Items/Q0001_Chapter12.xml" />
</resource>
<resource type="imsqti_item_xmlv2p1" identifier="ResourceItem02" href="Items/Q0002_Chapter12.xml">
<metadata>
<lom xmlns="http://ltsc.ieee.org/xsd/LOM">
<general>
<identifier>
<entry>VE_IP_02</entry>
</identifier>
<title></title>
</general>
<lifeCycle>
<contribute />
<version>
<string>Final 1.0</string>
</version>
</lifeCycle>
<educational>
<description>
<string>The MC/SR Question.</string>
</description>
</educational>
<qtiMetadata xmlns="http://www.imsglobal.org/xsd/imsqti_metadata_v2p1">
<interactionType>choiceInteraction</interactionType>
<feedbackType>none</feedbackType>
<solutionAvailable>false</solutionAvailable>
</qtiMetadata>
</lom>
</metadata>
<file href="Items/Q0002_Chapter12.xml" />
</resource>
<resource type="imsqti_item_xmlv2p1" identifier="ResourceItem03" href="Items/Q0003_Chapter12.xml">
<metadata>
<lom xmlns="http://ltsc.ieee.org/xsd/LOM">
<general>
<identifier>
<entry>VE_IP_03</entry>
</identifier>
<title></title>
</general>
<lifeCycle>
<contribute />
<version>
<string>Final 1.0</string>
</version>
</lifeCycle>
<educational>
<description>
<string>The MC/SR Question.</string>
</description>
</educational>
<qtiMetadata xmlns="http://www.imsglobal.org/xsd/imsqti_metadata_v2p1">
<interactionType>choiceInteraction</interactionType>
<feedbackType>none</feedbackType>
<solutionAvailable>false</solutionAvailable>
</qtiMetadata>
</lom>
</metadata>
<file href="Items/Q0003_Chapter12.xml" />
</resource>
<resource type="imsqti_item_xmlv2p1" identifier="ResourceItem04" href="Items/Q0004_Chapter12.xml">
<metadata>
<lom xmlns="http://ltsc.ieee.org/xsd/LOM">
<general>
<identifier>
<entry>VE_IP_04</entry>
</identifier>
<title></title>
</general>
<lifeCycle>
<contribute />
<version>
<string>Final 1.0</string>
</version>
</lifeCycle>
<educational>
<description>
<string>The MC/SR Question.</string>
</description>
</educational>
<qtiMetadata xmlns="http://www.imsglobal.org/xsd/imsqti_metadata_v2p1">
<interactionType>choiceInteraction</interactionType>
<feedbackType>none</feedbackType>
<solutionAvailable>false</solutionAvailable>
</qtiMetadata>
</lom>
</metadata>
<file href="Items/Q0004_Chapter12.xml" />
</resource>
<resource type="imsqti_item_xmlv2p1" identifier="ResourceItem05" href="Items/Q0005_Chapter12.xml">
<metadata>
<lom xmlns="http://ltsc.ieee.org/xsd/LOM">
<general>
<identifier>
<entry>VE_IP_05</entry>
</identifier>
<title></title>
</general>
<lifeCycle>
<contribute />
<version>
<string>Final 1.0</string>
</version>
</lifeCycle>
<educational>
<description>
<string>The MC/SR Question.</string>
</description>
</educational>
<qtiMetadata xmlns="http://www.imsglobal.org/xsd/imsqti_metadata_v2p1">
<interactionType>choiceInteraction</interactionType>
<feedbackType>none</feedbackType>
<solutionAvailable>false</solutionAvailable>
</qtiMetadata>
</lom>
</metadata>
<file href="Items/Q0005_Chapter12.xml" />
</resource>
<resource type="imsqti_item_xmlv2p1" identifier="ResourceItem06" href="Items/Q0006_Chapter12.xml">
<metadata>
<lom xmlns="http://ltsc.ieee.org/xsd/LOM">
<general>
<identifier>
<entry>VE_IP_06</entry>
</identifier>
<title></title>
</general>
<lifeCycle>
<contribute />
<version>
<string>Final 1.0</string>
</version>
</lifeCycle>
<educational>
<description>
<string>The MC/SR Question.</string>
</description>
</educational>
<qtiMetadata xmlns="http://www.imsglobal.org/xsd/imsqti_metadata_v2p1">
<interactionType>choiceInteraction</interactionType>
<feedbackType>none</feedbackType>
<solutionAvailable>false</solutionAvailable>
</qtiMetadata>
</lom>
</metadata>
<file href="Items/Q0006_Chapter12.xml" />
</resource>
<resource type="imsqti_item_xmlv2p1" identifier="ResourceItem07" href="Items/Q0007_Chapter12.xml">
<metadata>
<lom xmlns="http://ltsc.ieee.org/xsd/LOM">
<general>
<identifier>
<entry>VE_IP_07</entry>
</identifier>
<title></title>
</general>
<lifeCycle>
<contribute />
<version>
<string>Final 1.0</string>
</version>
</lifeCycle>
<educational>
<description>
<string>The MC/SR Question.</string>
</description>
</educational>
<qtiMetadata xmlns="http://www.imsglobal.org/xsd/imsqti_metadata_v2p1">
<interactionType>choiceInteraction</interactionType>
<feedbackType>none</feedbackType>
<solutionAvailable>false</solutionAvailable>
</qtiMetadata>
</lom>
</metadata>
<file href="Items/Q0007_Chapter12.xml" />
</resource>
<resource type="imsqti_item_xmlv2p1" identifier="ResourceItem08" href="Items/Q0008_Chapter12.xml">
<metadata>
<lom xmlns="http://ltsc.ieee.org/xsd/LOM">
<general>
<identifier>
<entry>VE_IP_08</entry>
</identifier>
<title></title>
</general>
<lifeCycle>
<contribute />
<version>
<string>Final 1.0</string>
</version>
</lifeCycle>
<educational>
<description>
<string>The MC/SR Question.</string>
</description>
</educational>
<qtiMetadata xmlns="http://www.imsglobal.org/xsd/imsqti_metadata_v2p1">
<interactionType>choiceInteraction</interactionType>
<feedbackType>none</feedbackType>
<solutionAvailable>false</solutionAvailable>
</qtiMetadata>
</lom>
</metadata>
<file href="Items/Q0008_Chapter12.xml" />
</resource>
<resource type="imsqti_item_xmlv2p1" identifier="ResourceItem09" href="Items/Q0009_Chapter12.xml">
<metadata>
<lom xmlns="http://ltsc.ieee.org/xsd/LOM">
<general>
<identifier>
<entry>VE_IP_09</entry>
</identifier>
<title></title>
</general>
<lifeCycle>
<contribute />
<version>
<string>Final 1.0</string>
</version>
</lifeCycle>
<educational>
<description>
<string>The MC/SR Question.</string>
</description>
</educational>
<qtiMetadata xmlns="http://www.imsglobal.org/xsd/imsqti_metadata_v2p1">
<interactionType>choiceInteraction</interactionType>
<feedbackType>none</feedbackType>
<solutionAvailable>false</solutionAvailable>
</qtiMetadata>
</lom>
</metadata>
<file href="Items/Q0009_Chapter12.xml" />
</resource>
<resource type="imsqti_item_xmlv2p1" identifier="ResourceItem10" href="Items/Q0010_Chapter12.xml">
<metadata>
<lom xmlns="http://ltsc.ieee.org/xsd/LOM">
<general>
<identifier>
<entry>VE_IP_10</entry>
</identifier>
<title></title>
</general>
<lifeCycle>
<contribute />
<version>
<string>Final 1.0</string>
</version>
</lifeCycle>
<educational>
<description>
<string>The MC/SR Question.</string>
</description>
</educational>
<qtiMetadata xmlns="http://www.imsglobal.org/xsd/imsqti_metadata_v2p1">
<interactionType>choiceInteraction</interactionType>
<feedbackType>none</feedbackType>
<solutionAvailable>false</solutionAvailable>
</qtiMetadata>
</lom>
</metadata>
<file href="Items/Q0010_Chapter12.xml" />
</resource>
<resource type="imsqti_item_xmlv2p1" identifier="ResourceItem11" href="Items/Q0011_Chapter12.xml">
<metadata>
<lom xmlns="http://ltsc.ieee.org/xsd/LOM">
<general>
<identifier>
<entry>VE_IP_11</entry>
</identifier>
<title></title>
</general>
<lifeCycle>
<contribute />
<version>
<string>Final 1.0</string>
</version>
</lifeCycle>
<educational>
<description>
<string>The MC/SR Question.</string>
</description>
</educational>
<qtiMetadata xmlns="http://www.imsglobal.org/xsd/imsqti_metadata_v2p1">
<interactionType>choiceInteraction</interactionType>
<feedbackType>none</feedbackType>
<solutionAvailable>false</solutionAvailable>
</qtiMetadata>
</lom>
</metadata>
<file href="Items/Q0011_Chapter12.xml" />
</resource>
<resource type="imsqti_item_xmlv2p1" identifier="ResourceItem12" href="Items/Q0012_Chapter12.xml">
<metadata>
<lom xmlns="http://ltsc.ieee.org/xsd/LOM">
<general>
<identifier>
<entry>VE_IP_12</entry>
</identifier>
<title></title>
</general>
<lifeCycle>
<contribute />
<version>
<string>Final 1.0</string>
</version>
</lifeCycle>
<educational>
<description>
<string>The MC/SR Question.</string>
</description>
</educational>
<qtiMetadata xmlns="http://www.imsglobal.org/xsd/imsqti_metadata_v2p1">
<interactionType>choiceInteraction</interactionType>
<feedbackType>none</feedbackType>
<solutionAvailable>false</solutionAvailable>
</qtiMetadata>
</lom>
</metadata>
<file href="Items/Q0012_Chapter12.xml" />
</resource>
<resource type="imsqti_item_xmlv2p1" identifier="ResourceItem13" href="Items/Q0013_Chapter12.xml">
<metadata>
<lom xmlns="http://ltsc.ieee.org/xsd/LOM">
<general>
<identifier>
<entry>VE_IP_13</entry>
</identifier>
<title></title>
</general>
<lifeCycle>
<contribute />
<version>
<string>Final 1.0</string>
</version>
</lifeCycle>
<educational>
<description>
<string>The MC/SR Question.</string>
</description>
</educational>
<qtiMetadata xmlns="http://www.imsglobal.org/xsd/imsqti_metadata_v2p1">
<interactionType>choiceInteraction</interactionType>
<feedbackType>none</feedbackType>
<solutionAvailable>false</solutionAvailable>
</qtiMetadata>
</lom>
</metadata>
<file href="Items/Q0013_Chapter12.xml" />
</resource>
<resource type="imsqti_item_xmlv2p1" identifier="ResourceItem14" href="Items/Q0014_Chapter12.xml">
<metadata>
<lom xmlns="http://ltsc.ieee.org/xsd/LOM">
<general>
<identifier>
<entry>VE_IP_14</entry>
</identifier>
<title></title>
</general>
<lifeCycle>
<contribute />
<version>
<string>Final 1.0</string>
</version>
</lifeCycle>
<educational>
<description>
<string>The MC/SR Question.</string>
</description>
</educational>
<qtiMetadata xmlns="http://www.imsglobal.org/xsd/imsqti_metadata_v2p1">
<interactionType>choiceInteraction</interactionType>
<feedbackType>none</feedbackType>
<solutionAvailable>false</solutionAvailable>
</qtiMetadata>
</lom>
</metadata>
<file href="Items/Q0014_Chapter12.xml" />
</resource>
<resource type="imsqti_item_xmlv2p1" identifier="ResourceItem15" href="Items/Q0015_Chapter12.xml">
<metadata>
<lom xmlns="http://ltsc.ieee.org/xsd/LOM">
<general>
<identifier>
<entry>VE_IP_15</entry>
</identifier>
<title></title>
</general>
<lifeCycle>
<contribute />
<version>
<string>Final 1.0</string>
</version>
</lifeCycle>
<educational>
<description>
<string>The MC/SR Question.</string>
</description>
</educational>
<qtiMetadata xmlns="http://www.imsglobal.org/xsd/imsqti_metadata_v2p1">
<interactionType>choiceInteraction</interactionType>
<feedbackType>none</feedbackType>
<solutionAvailable>false</solutionAvailable>
</qtiMetadata>
</lom>
</metadata>
<file href="Items/Q0015_Chapter12.xml" />
</resource>
<resource type="imsqti_item_xmlv2p1" identifier="ResourceItem16" href="Items/Q0016_Chapter12.xml">
<metadata>
<lom xmlns="http://ltsc.ieee.org/xsd/LOM">
<general>
<identifier>
<entry>VE_IP_16</entry>
</identifier>
<title></title>
</general>
<lifeCycle>
<contribute />
<version>
<string>Final 1.0</string>
</version>
</lifeCycle>
<educational>
<description>
<string>The MC/SR Question.</string>
</description>
</educational>
<qtiMetadata xmlns="http://www.imsglobal.org/xsd/imsqti_metadata_v2p1">
<interactionType>choiceInteraction</interactionType>
<feedbackType>none</feedbackType>
<solutionAvailable>false</solutionAvailable>
</qtiMetadata>
</lom>
</metadata>
<file href="Items/Q0016_Chapter12.xml" />
</resource>
<resource type="imsqti_item_xmlv2p1" identifier="ResourceItem17" href="Items/Q0017_Chapter12.xml">
<metadata>
<lom xmlns="http://ltsc.ieee.org/xsd/LOM">
<general>
<identifier>
<entry>VE_IP_17</entry>
</identifier>
<title></title>
</general>
<lifeCycle>
<contribute />
<version>
<string>Final 1.0</string>
</version>
</lifeCycle>
<educational>
<description>
<string>The MC/SR Question.</string>
</description>
</educational>
<qtiMetadata xmlns="http://www.imsglobal.org/xsd/imsqti_metadata_v2p1">
<interactionType>choiceInteraction</interactionType>
<feedbackType>none</feedbackType>
<solutionAvailable>false</solutionAvailable>
</qtiMetadata>
</lom>
</metadata>
<file href="Items/Q0017_Chapter12.xml" />
</resource>
<resource type="imsqti_item_xmlv2p1" identifier="ResourceItem18" href="Items/Q0018_Chapter12.xml">
<metadata>
<lom xmlns="http://ltsc.ieee.org/xsd/LOM">
<general>
<identifier>
<entry>VE_IP_18</entry>
</identifier>
<title></title>
</general>
<lifeCycle>
<contribute />
<version>
<string>Final 1.0</string>
</version>
</lifeCycle>
<educational>
<description>
<string>The MC/SR Question.</string>
</description>
</educational>
<qtiMetadata xmlns="http://www.imsglobal.org/xsd/imsqti_metadata_v2p1">
<interactionType>choiceInteraction</interactionType>
<feedbackType>none</feedbackType>
<solutionAvailable>false</solutionAvailable>
</qtiMetadata>
</lom>
</metadata>
<file href="Items/Q0018_Chapter12.xml" />
</resource>
<resource type="imsqti_item_xmlv2p1" identifier="ResourceItem19" href="Items/Q0019_Chapter12.xml">
<metadata>
<lom xmlns="http://ltsc.ieee.org/xsd/LOM">
<general>
<identifier>
<entry>VE_IP_19</entry>
</identifier>
<title></title>
</general>
<lifeCycle>
<contribute />
<version>
<string>Final 1.0</string>
</version>
</lifeCycle>
<educational>
<description>
<string>The MC/SR Question.</string>
</description>
</educational>
<qtiMetadata xmlns="http://www.imsglobal.org/xsd/imsqti_metadata_v2p1">
<interactionType>choiceInteraction</interactionType>
<feedbackType>none</feedbackType>
<solutionAvailable>false</solutionAvailable>
</qtiMetadata>
</lom>
</metadata>
<file href="Items/Q0019_Chapter12.xml" />
</resource>
<resource type="imsqti_item_xmlv2p1" identifier="ResourceItem20" href="Items/Q0020_Chapter12.xml">
<metadata>
<lom xmlns="http://ltsc.ieee.org/xsd/LOM">
<general>
<identifier>
<entry>VE_IP_20</entry>
</identifier>
<title></title>
</general>
<lifeCycle>
<contribute />
<version>
<string>Final 1.0</string>
</version>
</lifeCycle>
<educational>
<description>
<string>The MC/SR Question.</string>
</description>
</educational>
<qtiMetadata xmlns="http://www.imsglobal.org/xsd/imsqti_metadata_v2p1">
<interactionType>choiceInteraction</interactionType>
<feedbackType>none</feedbackType>
<solutionAvailable>false</solutionAvailable>
</qtiMetadata>
</lom>
</metadata>
<file href="Items/Q0020_Chapter12.xml" />
</resource>
<resource type="imsqti_item_xmlv2p1" identifier="ResourceItem21" href="Items/Q0021_Chapter12.xml">
<metadata>
<lom xmlns="http://ltsc.ieee.org/xsd/LOM">
<general>
<identifier>
<entry>VE_IP_21</entry>
</identifier>
<title></title>
</general>
<lifeCycle>
<contribute />
<version>
<string>Final 1.0</string>
</version>
</lifeCycle>
<educational>
<description>
<string>The MC/SR Question.</string>
</description>
</educational>
<qtiMetadata xmlns="http://www.imsglobal.org/xsd/imsqti_metadata_v2p1">
<interactionType>choiceInteraction</interactionType>
<feedbackType>none</feedbackType>
<solutionAvailable>false</solutionAvailable>
</qtiMetadata>
</lom>
</metadata>
<file href="Items/Q0021_Chapter12.xml" />
</resource>
<resource type="imsqti_item_xmlv2p1" identifier="ResourceItem22" href="Items/Q0022_Chapter12.xml">
<metadata>
<lom xmlns="http://ltsc.ieee.org/xsd/LOM">
<general>
<identifier>
<entry>VE_IP_22</entry>
</identifier>
<title></title>
</general>
<lifeCycle>
<contribute />
<version>
<string>Final 1.0</string>
</version>
</lifeCycle>
<educational>
<description>
<string>The MC/SR Question.</string>
</description>
</educational>
<qtiMetadata xmlns="http://www.imsglobal.org/xsd/imsqti_metadata_v2p1">
<interactionType>choiceInteraction</interactionType>
<feedbackType>none</feedbackType>
<solutionAvailable>false</solutionAvailable>
</qtiMetadata>
</lom>
</metadata>
<file href="Items/Q0022_Chapter12.xml" />
</resource>
<resource type="imsqti_item_xmlv2p1" identifier="ResourceItem23" href="Items/Q0023_Chapter12.xml">
<metadata>
<lom xmlns="http://ltsc.ieee.org/xsd/LOM">
<general>
<identifier>
<entry>VE_IP_23</entry>
</identifier>
<title></title>
</general>
<lifeCycle>
<contribute />
<version>
<string>Final 1.0</string>
</version>
</lifeCycle>
<educational>
<description>
<string>The MC/SR Question.</string>
</description>
</educational>
<qtiMetadata xmlns="http://www.imsglobal.org/xsd/imsqti_metadata_v2p1">
<interactionType>choiceInteraction</interactionType>
<feedbackType>none</feedbackType>
<solutionAvailable>false</solutionAvailable>
</qtiMetadata>
</lom>
</metadata>
<file href="Items/Q0023_Chapter12.xml" />
</resource>
<resource type="imsqti_item_xmlv2p1" identifier="ResourceItem24" href="Items/Q0024_Chapter12.xml">
<metadata>
<lom xmlns="http://ltsc.ieee.org/xsd/LOM">
<general>
<identifier>
<entry>VE_IP_24</entry>
</identifier>
<title></title>
</general>
<lifeCycle>
<contribute />
<version>
<string>Final 1.0</string>
</version>
</lifeCycle>
<educational>
<description>
<string>The MC/SR Question.</string>
</description>
</educational>
<qtiMetadata xmlns="http://www.imsglobal.org/xsd/imsqti_metadata_v2p1">
<interactionType>choiceInteraction</interactionType>
<feedbackType>none</feedbackType>
<solutionAvailable>false</solutionAvailable>
</qtiMetadata>
</lom>
</metadata>
<file href="Items/Q0024_Chapter12.xml" />
</resource>
<resource type="imsqti_item_xmlv2p1" identifier="ResourceItem25" href="Items/Q0025_Chapter12.xml">
<metadata>
<lom xmlns="http://ltsc.ieee.org/xsd/LOM">
<general>
<identifier>
<entry>VE_IP_25</entry>
</identifier>
<title></title>
</general>
<lifeCycle>
<contribute />
<version>
<string>Final 1.0</string>
</version>
</lifeCycle>
<educational>
<description>
<string>The MC/SR Question.</string>
</description>
</educational>
<qtiMetadata xmlns="http://www.imsglobal.org/xsd/imsqti_metadata_v2p1">
<interactionType>choiceInteraction</interactionType>
<feedbackType>none</feedbackType>
<solutionAvailable>false</solutionAvailable>
</qtiMetadata>
</lom>
</metadata>
<file href="Items/Q0025_Chapter12.xml" />
</resource>
<resource type="imsqti_item_xmlv2p1" identifier="ResourceItem26" href="Items/Q0026_Chapter12.xml">
<metadata>
<lom xmlns="http://ltsc.ieee.org/xsd/LOM">
<general>
<identifier>
<entry>VE_IP_26</entry>
</identifier>
<title></title>
</general>
<lifeCycle>
<contribute />
<version>
<string>Final 1.0</string>
</version>
</lifeCycle>
<educational>
<description>
<string>The MC/SR Question.</string>
</description>
</educational>
<qtiMetadata xmlns="http://www.imsglobal.org/xsd/imsqti_metadata_v2p1">
<interactionType>choiceInteraction</interactionType>
<feedbackType>none</feedbackType>
<solutionAvailable>false</solutionAvailable>
</qtiMetadata>
</lom>
</metadata>
<file href="Items/Q0026_Chapter12.xml" />
</resource>
<resource type="imsqti_item_xmlv2p1" identifier="ResourceItem27" href="Items/Q0027_Chapter12.xml">
<metadata>
<lom xmlns="http://ltsc.ieee.org/xsd/LOM">
<general>
<identifier>
<entry>VE_IP_27</entry>
</identifier>
<title></title>
</general>
<lifeCycle>
<contribute />
<version>
<string>Final 1.0</string>
</version>
</lifeCycle>
<educational>
<description>
<string>The MC/SR Question.</string>
</description>
</educational>
<qtiMetadata xmlns="http://www.imsglobal.org/xsd/imsqti_metadata_v2p1">
<interactionType>choiceInteraction</interactionType>
<feedbackType>none</feedbackType>
<solutionAvailable>false</solutionAvailable>
</qtiMetadata>
</lom>
</metadata>
<file href="Items/Q0027_Chapter12.xml" />
</resource>
<resource type="imsqti_item_xmlv2p1" identifier="ResourceItem28" href="Items/Q0028_Chapter12.xml">
<metadata>
<lom xmlns="http://ltsc.ieee.org/xsd/LOM">
<general>
<identifier>
<entry>VE_IP_28</entry>
</identifier>
<title></title>
</general>
<lifeCycle>
<contribute />
<version>
<string>Final 1.0</string>
</version>
</lifeCycle>
<educational>
<description>
<string>The MC/SR Question.</string>
</description>
</educational>
<qtiMetadata xmlns="http://www.imsglobal.org/xsd/imsqti_metadata_v2p1">
<interactionType>choiceInteraction</interactionType>
<feedbackType>none</feedbackType>
<solutionAvailable>false</solutionAvailable>
</qtiMetadata>
</lom>
</metadata>
<file href="Items/Q0028_Chapter12.xml" />
</resource>
<resource type="imsqti_item_xmlv2p1" identifier="ResourceItem29" href="Items/Q0029_Chapter12.xml">
<metadata>
<lom xmlns="http://ltsc.ieee.org/xsd/LOM">
<general>
<identifier>
<entry>VE_IP_29</entry>
</identifier>
<title></title>
</general>
<lifeCycle>
<contribute />
<version>
<string>Final 1.0</string>
</version>
</lifeCycle>
<educational>
<description>
<string>The MC/SR Question.</string>
</description>
</educational>
<qtiMetadata xmlns="http://www.imsglobal.org/xsd/imsqti_metadata_v2p1">
<interactionType>choiceInteraction</interactionType>
<feedbackType>none</feedbackType>
<solutionAvailable>false</solutionAvailable>
</qtiMetadata>
</lom>
</metadata>
<file href="Items/Q0029_Chapter12.xml" />
</resource>
<resource type="imsqti_item_xmlv2p1" identifier="ResourceItem30" href="Items/Q0030_Chapter12.xml">
<metadata>
<lom xmlns="http://ltsc.ieee.org/xsd/LOM">
<general>
<identifier>
<entry>VE_IP_30</entry>
</identifier>
<title></title>
</general>
<lifeCycle>
<contribute />
<version>
<string>Final 1.0</string>
</version>
</lifeCycle>
<educational>
<description>
<string>The MC/SR Question.</string>
</description>
</educational>
<qtiMetadata xmlns="http://www.imsglobal.org/xsd/imsqti_metadata_v2p1">
<interactionType>choiceInteraction</interactionType>
<feedbackType>none</feedbackType>
<solutionAvailable>false</solutionAvailable>
</qtiMetadata>
</lom>
</metadata>
<file href="Items/Q0030_Chapter12.xml" />
</resource>
<resource type="imsqti_item_xmlv2p1" identifier="ResourceItem31" href="Items/Q0031_Chapter12.xml">
<metadata>
<lom xmlns="http://ltsc.ieee.org/xsd/LOM">
<general>
<identifier>
<entry>VE_IP_31</entry>
</identifier>
<title></title>
</general>
<lifeCycle>
<contribute />
<version>
<string>Final 1.0</string>
</version>
</lifeCycle>
<educational>
<description>
<string>The MC/SR Question.</string>
</description>
</educational>
<qtiMetadata xmlns="http://www.imsglobal.org/xsd/imsqti_metadata_v2p1">
<interactionType>choiceInteraction</interactionType>
<feedbackType>none</feedbackType>
<solutionAvailable>false</solutionAvailable>
</qtiMetadata>
</lom>
</metadata>
<file href="Items/Q0031_Chapter12.xml" />
</resource>
<resource type="imsqti_item_xmlv2p1" identifier="ResourceItem32" href="Items/Q0032_Chapter12.xml">
<metadata>
<lom xmlns="http://ltsc.ieee.org/xsd/LOM">
<general>
<identifier>
<entry>VE_IP_32</entry>
</identifier>
<title></title>
</general>
<lifeCycle>
<contribute />
<version>
<string>Final 1.0</string>
</version>
</lifeCycle>
<educational>
<description>
<string>The MC/SR Question.</string>
</description>
</educational>
<qtiMetadata xmlns="http://www.imsglobal.org/xsd/imsqti_metadata_v2p1">
<interactionType>choiceInteraction</interactionType>
<feedbackType>none</feedbackType>
<solutionAvailable>false</solutionAvailable>
</qtiMetadata>
</lom>
</metadata>
<file href="Items/Q0032_Chapter12.xml" />
</resource>
<resource type="imsqti_item_xmlv2p1" identifier="ResourceItem33" href="Items/Q0033_Chapter12.xml">
<metadata>
<lom xmlns="http://ltsc.ieee.org/xsd/LOM">
<general>
<identifier>
<entry>VE_IP_33</entry>
</identifier>
<title></title>
</general>
<lifeCycle>
<contribute />
<version>
<string>Final 1.0</string>
</version>
</lifeCycle>
<educational>
<description>
<string>The MC/SR Question.</string>
</description>
</educational>
<qtiMetadata xmlns="http://www.imsglobal.org/xsd/imsqti_metadata_v2p1">
<interactionType>choiceInteraction</interactionType>
<feedbackType>none</feedbackType>
<solutionAvailable>false</solutionAvailable>
</qtiMetadata>
</lom>
</metadata>
<file href="Items/Q0033_Chapter12.xml" />
</resource>
<resource type="imsqti_item_xmlv2p1" identifier="ResourceItem34" href="Items/Q0034_Chapter12.xml">
<metadata>
<lom xmlns="http://ltsc.ieee.org/xsd/LOM">
<general>
<identifier>
<entry>VE_IP_34</entry>
</identifier>
<title></title>
</general>
<lifeCycle>
<contribute />
<version>
<string>Final 1.0</string>
</version>
</lifeCycle>
<educational>
<description>
<string>The MC/SR Question.</string>
</description>
</educational>
<qtiMetadata xmlns="http://www.imsglobal.org/xsd/imsqti_metadata_v2p1">
<interactionType>choiceInteraction</interactionType>
<feedbackType>none</feedbackType>
<solutionAvailable>false</solutionAvailable>
</qtiMetadata>
</lom>
</metadata>
<file href="Items/Q0034_Chapter12.xml" />
</resource>
<resource type="imsqti_item_xmlv2p1" identifier="ResourceItem35" href="Items/Q0035_Chapter12.xml">
<metadata>
<lom xmlns="http://ltsc.ieee.org/xsd/LOM">
<general>
<identifier>
<entry>VE_IP_35</entry>
</identifier>
<title></title>
</general>
<lifeCycle>
<contribute />
<version>
<string>Final 1.0</string>
</version>
</lifeCycle>
<educational>
<description>
<string>The MC/SR Question.</string>
</description>
</educational>
<qtiMetadata xmlns="http://www.imsglobal.org/xsd/imsqti_metadata_v2p1">
<interactionType>choiceInteraction</interactionType>
<feedbackType>none</feedbackType>
<solutionAvailable>false</solutionAvailable>
</qtiMetadata>
</lom>
</metadata>
<file href="Items/Q0035_Chapter12.xml" />
</resource>
<resource type="imsqti_item_xmlv2p1" identifier="ResourceItem36" href="Items/Q0036_Chapter12.xml">
<metadata>
<lom xmlns="http://ltsc.ieee.org/xsd/LOM">
<general>
<identifier>
<entry>VE_IP_36</entry>
</identifier>
<title></title>
</general>
<lifeCycle>
<contribute />
<version>
<string>Final 1.0</string>
</version>
</lifeCycle>
<educational>
<description>
<string>The MC/SR Question.</string>
</description>
</educational>
<qtiMetadata xmlns="http://www.imsglobal.org/xsd/imsqti_metadata_v2p1">
<interactionType>choiceInteraction</interactionType>
<feedbackType>none</feedbackType>
<solutionAvailable>false</solutionAvailable>
</qtiMetadata>
</lom>
</metadata>
<file href="Items/Q0036_Chapter12.xml" />
</resource>
<resource type="imsqti_item_xmlv2p1" identifier="ResourceItem37" href="Items/Q0037_Chapter12.xml">
<metadata>
<lom xmlns="http://ltsc.ieee.org/xsd/LOM">
<general>
<identifier>
<entry>VE_IP_37</entry>
</identifier>
<title></title>
</general>
<lifeCycle>
<contribute />
<version>
<string>Final 1.0</string>
</version>
</lifeCycle>
<educational>
<description>
<string>The MC/SR Question.</string>
</description>
</educational>
<qtiMetadata xmlns="http://www.imsglobal.org/xsd/imsqti_metadata_v2p1">
<interactionType>choiceInteraction</interactionType>
<feedbackType>none</feedbackType>
<solutionAvailable>false</solutionAvailable>
</qtiMetadata>
</lom>
</metadata>
<file href="Items/Q0037_Chapter12.xml" />
</resource>
<resource type="imsqti_item_xmlv2p1" identifier="ResourceItem38" href="Items/Q0038_Chapter12.xml">
<metadata>
<lom xmlns="http://ltsc.ieee.org/xsd/LOM">
<general>
<identifier>
<entry>VE_IP_38</entry>
</identifier>
<title></title>
</general>
<lifeCycle>
<contribute />
<version>
<string>Final 1.0</string>
</version>
</lifeCycle>
<educational>
<description>
<string>The MC/SR Question.</string>
</description>
</educational>
<qtiMetadata xmlns="http://www.imsglobal.org/xsd/imsqti_metadata_v2p1">
<interactionType>choiceInteraction</interactionType>
<feedbackType>none</feedbackType>
<solutionAvailable>false</solutionAvailable>
</qtiMetadata>
</lom>
</metadata>
<file href="Items/Q0038_Chapter12.xml" />
</resource>
<resource type="imsqti_item_xmlv2p1" identifier="ResourceItem39" href="Items/Q0039_Chapter12.xml">
<metadata>
<lom xmlns="http://ltsc.ieee.org/xsd/LOM">
<general>
<identifier>
<entry>VE_IP_39</entry>
</identifier>
<title></title>
</general>
<lifeCycle>
<contribute />
<version>
<string>Final 1.0</string>
</version>
</lifeCycle>
<educational>
<description>
<string>The MC/SR Question.</string>
</description>
</educational>
<qtiMetadata xmlns="http://www.imsglobal.org/xsd/imsqti_metadata_v2p1">
<interactionType>choiceInteraction</interactionType>
<feedbackType>none</feedbackType>
<solutionAvailable>false</solutionAvailable>
</qtiMetadata>
</lom>
</metadata>
<file href="Items/Q0039_Chapter12.xml" />
</resource>
<resource type="imsqti_item_xmlv2p1" identifier="ResourceItem40" href="Items/Q0040_Chapter12.xml">
<metadata>
<lom xmlns="http://ltsc.ieee.org/xsd/LOM">
<general>
<identifier>
<entry>VE_IP_40</entry>
</identifier>
<title></title>
</general>
<lifeCycle>
<contribute />
<version>
<string>Final 1.0</string>
</version>
</lifeCycle>
<educational>
<description>
<string>The Short Answer Question.</string>
</description>
</educational>
<qtiMetadata xmlns="http://www.imsglobal.org/xsd/imsqti_metadata_v2p1">
<interactionType>extendedTextInteraction</interactionType>
<feedbackType>none</feedbackType>
<solutionAvailable>false</solutionAvailable>
</qtiMetadata>
</lom>
</metadata>
<file href="Items/Q0040_Chapter12.xml" />
</resource>
<resource type="imsqti_item_xmlv2p1" identifier="ResourceItem41" href="Items/Q0041_Chapter12.xml">
<metadata>
<lom xmlns="http://ltsc.ieee.org/xsd/LOM">
<general>
<identifier>
<entry>VE_IP_41</entry>
</identifier>
<title></title>
</general>
<lifeCycle>
<contribute />
<version>
<string>Final 1.0</string>
</version>
</lifeCycle>
<educational>
<description>
<string>The Short Answer Question.</string>
</description>
</educational>
<qtiMetadata xmlns="http://www.imsglobal.org/xsd/imsqti_metadata_v2p1">
<interactionType>extendedTextInteraction</interactionType>
<feedbackType>none</feedbackType>
<solutionAvailable>false</solutionAvailable>
</qtiMetadata>
</lom>
</metadata>
<file href="Items/Q0041_Chapter12.xml" />
</resource>
<resource type="imsqti_item_xmlv2p1" identifier="ResourceItem42" href="Items/Q0042_Chapter12.xml">
<metadata>
<lom xmlns="http://ltsc.ieee.org/xsd/LOM">
<general>
<identifier>
<entry>VE_IP_42</entry>
</identifier>
<title></title>
</general>
<lifeCycle>
<contribute />
<version>
<string>Final 1.0</string>
</version>
</lifeCycle>
<educational>
<description>
<string>The Short Answer Question.</string>
</description>
</educational>
<qtiMetadata xmlns="http://www.imsglobal.org/xsd/imsqti_metadata_v2p1">
<interactionType>extendedTextInteraction</interactionType>
<feedbackType>none</feedbackType>
<solutionAvailable>false</solutionAvailable>
</qtiMetadata>
</lom>
</metadata>
<file href="Items/Q0042_Chapter12.xml" />
</resource>
<resource type="imsqti_item_xmlv2p1" identifier="ResourceItem43" href="Items/Q0043_Chapter12.xml">
<metadata>
<lom xmlns="http://ltsc.ieee.org/xsd/LOM">
<general>
<identifier>
<entry>VE_IP_43</entry>
</identifier>
<title></title>
</general>
<lifeCycle>
<contribute />
<version>
<string>Final 1.0</string>
</version>
</lifeCycle>
<educational>
<description>
<string>The Short Answer Question.</string>
</description>
</educational>
<qtiMetadata xmlns="http://www.imsglobal.org/xsd/imsqti_metadata_v2p1">
<interactionType>extendedTextInteraction</interactionType>
<feedbackType>none</feedbackType>
<solutionAvailable>false</solutionAvailable>
</qtiMetadata>
</lom>
</metadata>
<file href="Items/Q0043_Chapter12.xml" />
</resource>
<resource type="imsqti_item_xmlv2p1" identifier="ResourceItem44" href="Items/Q0044_Chapter12.xml">
<metadata>
<lom xmlns="http://ltsc.ieee.org/xsd/LOM">
<general>
<identifier>
<entry>VE_IP_44</entry>
</identifier>
<title></title>
</general>
<lifeCycle>
<contribute />
<version>
<string>Final 1.0</string>
</version>
</lifeCycle>
<educational>
<description>
<string>The Short Answer Question.</string>
</description>
</educational>
<qtiMetadata xmlns="http://www.imsglobal.org/xsd/imsqti_metadata_v2p1">
<interactionType>extendedTextInteraction</interactionType>
<feedbackType>none</feedbackType>
<solutionAvailable>false</solutionAvailable>
</qtiMetadata>
</lom>
</metadata>
<file href="Items/Q0044_Chapter12.xml" />
</resource>
<resource type="imsqti_item_xmlv2p1" identifier="ResourceItem45" href="Items/Q0045_Chapter12.xml">
<metadata>
<lom xmlns="http://ltsc.ieee.org/xsd/LOM">
<general>
<identifier>
<entry>VE_IP_45</entry>
</identifier>
<title></title>
</general>
<lifeCycle>
<contribute />
<version>
<string>Final 1.0</string>
</version>
</lifeCycle>
<educational>
<description>
<string>The Short Answer Question.</string>
</description>
</educational>
<qtiMetadata xmlns="http://www.imsglobal.org/xsd/imsqti_metadata_v2p1">
<interactionType>extendedTextInteraction</interactionType>
<feedbackType>none</feedbackType>
<solutionAvailable>false</solutionAvailable>
</qtiMetadata>
</lom>
</metadata>
<file href="Items/Q0045_Chapter12.xml" />
</resource>
<resource type="imsqti_item_xmlv2p1" identifier="ResourceItem46" href="Items/Q0046_Chapter12.xml">
<metadata>
<lom xmlns="http://ltsc.ieee.org/xsd/LOM">
<general>
<identifier>
<entry>VE_IP_46</entry>
</identifier>
<title></title>
</general>
<lifeCycle>
<contribute />
<version>
<string>Final 1.0</string>
</version>
</lifeCycle>
<educational>
<description>
<string>The Short Answer Question.</string>
</description>
</educational>
<qtiMetadata xmlns="http://www.imsglobal.org/xsd/imsqti_metadata_v2p1">
<interactionType>extendedTextInteraction</interactionType>
<feedbackType>none</feedbackType>
<solutionAvailable>false</solutionAvailable>
</qtiMetadata>
</lom>
</metadata>
<file href="Items/Q0046_Chapter12.xml" />
</resource>
<resource type="imsqti_item_xmlv2p1" identifier="ResourceItem47" href="Items/Q0047_Chapter12.xml">
<metadata>
<lom xmlns="http://ltsc.ieee.org/xsd/LOM">
<general>
<identifier>
<entry>VE_IP_47</entry>
</identifier>
<title></title>
</general>
<lifeCycle>
<contribute />
<version>
<string>Final 1.0</string>
</version>
</lifeCycle>
<educational>
<description>
<string>The Essay Question.</string>
</description>
</educational>
<qtiMetadata xmlns="http://www.imsglobal.org/xsd/imsqti_metadata_v2p1">
<interactionType>extendedTextInteraction</interactionType>
<feedbackType>none</feedbackType>
<solutionAvailable>false</solutionAvailable>
</qtiMetadata>
</lom>
</metadata>
<file href="Items/Q0047_Chapter12.xml" />
</resource>
<resource type="imsqti_item_xmlv2p1" identifier="ResourceItem48" href="Items/Q0048_Chapter12.xml">
<metadata>
<lom xmlns="http://ltsc.ieee.org/xsd/LOM">
<general>
<identifier>
<entry>VE_IP_48</entry>
</identifier>
<title></title>
</general>
<lifeCycle>
<contribute />
<version>
<string>Final 1.0</string>
</version>
</lifeCycle>
<educational>
<description>
<string>The Essay Question.</string>
</description>
</educational>
<qtiMetadata xmlns="http://www.imsglobal.org/xsd/imsqti_metadata_v2p1">
<interactionType>extendedTextInteraction</interactionType>
<feedbackType>none</feedbackType>
<solutionAvailable>false</solutionAvailable>
</qtiMetadata>
</lom>
</metadata>
<file href="Items/Q0048_Chapter12.xml" />
</resource>
<resource type="imsqti_item_xmlv2p1" identifier="ResourceItem49" href="Items/Q0049_Chapter12.xml">
<metadata>
<lom xmlns="http://ltsc.ieee.org/xsd/LOM">
<general>
<identifier>
<entry>VE_IP_49</entry>
</identifier>
<title></title>
</general>
<lifeCycle>
<contribute />
<version>
<string>Final 1.0</string>
</version>
</lifeCycle>
<educational>
<description>
<string>The Essay Question.</string>
</description>
</educational>
<qtiMetadata xmlns="http://www.imsglobal.org/xsd/imsqti_metadata_v2p1">
<interactionType>extendedTextInteraction</interactionType>
<feedbackType>none</feedbackType>
<solutionAvailable>false</solutionAvailable>
</qtiMetadata>
</lom>
</metadata>
<file href="Items/Q0049_Chapter12.xml" />
</resource>
<resource type="imsqti_item_xmlv2p1" identifier="ResourceItem50" href="Items/Q0050_Chapter12.xml">
<metadata>
<lom xmlns="http://ltsc.ieee.org/xsd/LOM">
<general>
<identifier>
<entry>VE_IP_50</entry>
</identifier>
<title></title>
</general>
<lifeCycle>
<contribute />
<version>
<string>Final 1.0</string>
</version>
</lifeCycle>
<educational>
<description>
<string>The Essay Question.</string>
</description>
</educational>
<qtiMetadata xmlns="http://www.imsglobal.org/xsd/imsqti_metadata_v2p1">
<interactionType>extendedTextInteraction</interactionType>
<feedbackType>none</feedbackType>
<solutionAvailable>false</solutionAvailable>
</qtiMetadata>
</lom>
</metadata>
<file href="Items/Q0050_Chapter12.xml" />
</resource>
</resources>
</manifest>
