<?xml version="1.0" encoding="UTF-8"?>
<assessmentItem identifier="Chapter7" title="Thinking and Intelligence" adaptive="false" timeDependent="false" 
  xmlns:xsi="http://www.w3.org/2001/XMLSchema-instance" 
  xmlns="http://www.imsglobal.org/xsd/imsqti_v2p1"
  xsi:schemaLocation="http://www.imsglobal.org/xsd/imsqti_v2p1 http://www.imsglobal.org/xsd/qti/qtiv2p1/imsqti_v2p1p1.xsd">
    <responseDeclaration identifier="RESPONSE" cardinality="single" baseType="identifier">
<correctResponse>
<value>B</value>
</correctResponse>
</responseDeclaration>
     <outcomeDeclaration identifier="SCORE" cardinality="single" baseType="float" normalMaximum="1" normalMinimum="0">
      <defaultValue>
        <value>0</value>
      </defaultValue>
    </outcomeDeclaration>
  	<itemBody>
	<choiceInteraction responseIdentifier="RESPONSE" shuffle="false" maxChoices="1" id="choicereduction">
		<prompt id="prompt">Illnesses such as diabetes and cancer kill more than twice the number of Americans than murder or car accidents. However, Zale sees car accidents as more dangerous because he often hears about car accident fatalities on the nightly news, and he doesn&#8217;t know anyone with diabetes or cancer. Therefore, Zale takes more precautions against car accidents. This exemplifies &#95;&#95;&#95;&#95;&#95;&#95;&#95;&#95;.</prompt>
<simpleChoice identifier="A" fixed="true">
an algorithm
</simpleChoice>
<simpleChoice identifier="B" fixed="true">
the availability heuristic
</simpleChoice>
<simpleChoice identifier="C" fixed="true">
functional fixedness
</simpleChoice>
<simpleChoice identifier="D" fixed="true">
the hindsight bias
</simpleChoice>
</choiceInteraction>
</itemBody>
<responseProcessing template="http://www.imsglobal.org/question/qti_v2p1/rptemplates/match_correct"/>
</assessmentItem>