<?xml version="1.0" encoding="UTF-8"?>
<assessmentItem identifier="Chapter7" title="Thinking and Intelligence" adaptive="false" timeDependent="false" 
  xmlns:xsi="http://www.w3.org/2001/XMLSchema-instance" 
  xmlns="http://www.imsglobal.org/xsd/imsqti_v2p1"
  xsi:schemaLocation="http://www.imsglobal.org/xsd/imsqti_v2p1 http://www.imsglobal.org/xsd/qti/qtiv2p1/imsqti_v2p1p1.xsd">
    <responseDeclaration identifier="RESPONSE" cardinality="single" baseType="identifier">
<correctResponse>
<value>D</value>
</correctResponse>
</responseDeclaration>
     <outcomeDeclaration identifier="SCORE" cardinality="single" baseType="float" normalMaximum="1" normalMinimum="0">
      <defaultValue>
        <value>0</value>
      </defaultValue>
    </outcomeDeclaration>
  	<itemBody>
	<choiceInteraction responseIdentifier="RESPONSE" shuffle="false" maxChoices="1" id="choicereduction">
		<prompt id="prompt">Anwar is hiking in the woods and he gets lost. He spends several days trying to find his way back to his basecamp, but he has the knowledge to gather wood, start a fire, and keep himself warm at night. He is also able to identify local berries and mushrooms growing that he can eat without being poisoned. Anwar is demonstrating &#95;&#95;&#95;&#95;&#95;&#95;&#95;&#95; intelligence from the triarchic theory.</prompt>
<simpleChoice identifier="A" fixed="true">
analytic
</simpleChoice>
<simpleChoice identifier="B" fixed="true">
fluid
</simpleChoice>
<simpleChoice identifier="C" fixed="true">
functional
</simpleChoice>
<simpleChoice identifier="D" fixed="true">
practical
</simpleChoice>
</choiceInteraction>
</itemBody>
<responseProcessing template="http://www.imsglobal.org/question/qti_v2p1/rptemplates/match_correct"/>
</assessmentItem>