<?xml version="1.0" encoding="UTF-8"?>
<assessmentItem identifier="Chapter7" title="Thinking and Intelligence" adaptive="false" timeDependent="false" 
  xmlns:xsi="http://www.w3.org/2001/XMLSchema-instance" 
  xmlns="http://www.imsglobal.org/xsd/imsqti_v2p1"
  xsi:schemaLocation="http://www.imsglobal.org/xsd/imsqti_v2p1 http://www.imsglobal.org/xsd/qti/qtiv2p1/imsqti_v2p1p1.xsd">
    <responseDeclaration identifier="RESPONSE" cardinality="single" baseType="identifier">
<correctResponse>
<value>D</value>
</correctResponse>
</responseDeclaration>
     <outcomeDeclaration identifier="SCORE" cardinality="single" baseType="float" normalMaximum="1" normalMinimum="0">
      <defaultValue>
        <value>0</value>
      </defaultValue>
    </outcomeDeclaration>
  	<itemBody>
	<choiceInteraction responseIdentifier="RESPONSE" shuffle="false" maxChoices="1" id="choicereduction">
		<prompt id="prompt">Which individual was asked by the French government to create an assessment tool &#8211; an intelligence test, of sorts &#8211; that would be used to identify schoolchildren who would be more likely to have difficulty in school?</prompt>
<simpleChoice identifier="A" fixed="true">
Louis Terman
</simpleChoice>
<simpleChoice identifier="B" fixed="true">
Marcelle Curie
</simpleChoice>
<simpleChoice identifier="C" fixed="true">
Sir Francis Galton
</simpleChoice>
<simpleChoice identifier="D" fixed="true">
Alfred Binet
</simpleChoice>
</choiceInteraction>
</itemBody>
<responseProcessing template="http://www.imsglobal.org/question/qti_v2p1/rptemplates/match_correct"/>
</assessmentItem>