<?xml version="1.0" encoding="UTF-8"?>
<assessmentItem identifier="Chapter7" title="Thinking and Intelligence" adaptive="false" timeDependent="false" 
  xmlns:xsi="http://www.w3.org/2001/XMLSchema-instance" 
  xmlns="http://www.imsglobal.org/xsd/imsqti_v2p1"
  xsi:schemaLocation="http://www.imsglobal.org/xsd/imsqti_v2p1 http://www.imsglobal.org/xsd/qti/qtiv2p1/imsqti_v2p1p1.xsd">
    <responseDeclaration identifier="RESPONSE" cardinality="single" baseType="identifier">
<correctResponse>
<value>A</value>
</correctResponse>
</responseDeclaration>
     <outcomeDeclaration identifier="SCORE" cardinality="single" baseType="float" normalMaximum="1" normalMinimum="0">
      <defaultValue>
        <value>0</value>
      </defaultValue>
    </outcomeDeclaration>
  	<itemBody>
	<choiceInteraction responseIdentifier="RESPONSE" shuffle="false" maxChoices="1" id="choicereduction">
		<prompt id="prompt">Which pair of individuals is most likely to have the highest similarity in their IQ scores?</prompt>
<simpleChoice identifier="A" fixed="true">
Marcus and Maria are identical twins who were separated at birth and raised in different families.
</simpleChoice>
<simpleChoice identifier="B" fixed="true">
Jerry and Jerica are fraternal twins who were raised in the same home.
</simpleChoice>
<simpleChoice identifier="C" fixed="true">
Vondra and Victoria are a mother and daughter who have lived together for all of Victoria&#8217;s 15 years.
</simpleChoice>
<simpleChoice identifier="D" fixed="true">
Annabeth and Andre are half-siblings who have the same father but different mothers. They&#8217;ve lived together since they were 3 and 5 years old, respectively.
</simpleChoice>
</choiceInteraction>
</itemBody>
<responseProcessing template="http://www.imsglobal.org/question/qti_v2p1/rptemplates/match_correct"/>
</assessmentItem>