<?xml version="1.0" encoding="UTF-8"?>
<assessmentItem identifier="Chapter7" title="Thinking and Intelligence" adaptive="false" timeDependent="false" 
  xmlns:xsi="http://www.w3.org/2001/XMLSchema-instance" 
  xmlns="http://www.imsglobal.org/xsd/imsqti_v2p1"
  xsi:schemaLocation="http://www.imsglobal.org/xsd/imsqti_v2p1 http://www.imsglobal.org/xsd/qti/qtiv2p1/imsqti_v2p1p1.xsd">
    <responseDeclaration identifier="RESPONSE" cardinality="single" baseType="identifier">
<correctResponse>
<value>D</value>
</correctResponse>
</responseDeclaration>
     <outcomeDeclaration identifier="SCORE" cardinality="single" baseType="float" normalMaximum="1" normalMinimum="0">
      <defaultValue>
        <value>0</value>
      </defaultValue>
    </outcomeDeclaration>
  	<itemBody>
	<choiceInteraction responseIdentifier="RESPONSE" shuffle="false" maxChoices="1" id="choicereduction">
		<prompt id="prompt">&#8220;Each person is born with a genetic potential to reach a certain level of potential, but whether or not they accomplish that level depends on their environments and experiences.&#8221; This is the foundation of the &#95;&#95;&#95;&#95;&#95;&#95;&#95;&#95; model.</prompt>
<simpleChoice identifier="A" fixed="true">
evolutionary
</simpleChoice>
<simpleChoice identifier="B" fixed="true">
g-factor
</simpleChoice>
<simpleChoice identifier="C" fixed="true">
triarchic
</simpleChoice>
<simpleChoice identifier="D" fixed="true">
range of reaction
</simpleChoice>
</choiceInteraction>
</itemBody>
<responseProcessing template="http://www.imsglobal.org/question/qti_v2p1/rptemplates/match_correct"/>
</assessmentItem>