<?xml version="1.0" encoding="UTF-8"?>
<assessmentItem identifier="Chapter7" title="Thinking and Intelligence" adaptive="false" timeDependent="false" 
  xmlns:xsi="http://www.w3.org/2001/XMLSchema-instance" 
  xmlns="http://www.imsglobal.org/xsd/imsqti_v2p1"
  xsi:schemaLocation="http://www.imsglobal.org/xsd/imsqti_v2p1 http://www.imsglobal.org/xsd/qti/qtiv2p1/imsqti_v2p1p1.xsd">
    <responseDeclaration identifier="RESPONSE" cardinality="single" baseType="identifier">
<correctResponse>
<value>A</value>
</correctResponse>
</responseDeclaration>
     <outcomeDeclaration identifier="SCORE" cardinality="single" baseType="float" normalMaximum="1" normalMinimum="0">
      <defaultValue>
        <value>0</value>
      </defaultValue>
    </outcomeDeclaration>
  	<itemBody>
	<choiceInteraction responseIdentifier="RESPONSE" shuffle="false" maxChoices="1" id="choicereduction">
		<prompt id="prompt">What was the most controversial conclusion made by Arthur Jensen with regard to Level 1 and Level II intelligence?</prompt>
<simpleChoice identifier="A" fixed="true">
African Americans, as a group, had the lowest amount of Level II intelligence.
</simpleChoice>
<simpleChoice identifier="B" fixed="true">
Level I intelligence could only be mastered by those who were socioeconomically advantaged.
</simpleChoice>
<simpleChoice identifier="C" fixed="true">
Those without Level II intelligence should be sterilized so that they could not reproduce.
</simpleChoice>
<simpleChoice identifier="D" fixed="true">
Level I intelligence at higher levels should exempt citizens from military service.
</simpleChoice>
</choiceInteraction>
</itemBody>
<responseProcessing template="http://www.imsglobal.org/question/qti_v2p1/rptemplates/match_correct"/>
</assessmentItem>