<?xml version="1.0" encoding="UTF-8"?>
 
 
 
<assessmentItem identifier="Chapter7" title="Thinking and Intelligence" adaptive="false" timeDependent="false" 
  xmlns:xsi="http://www.w3.org/2001/XMLSchema-instance" 
  xmlns="http://www.imsglobal.org/xsd/imsqti_v2p1"
  xsi:schemaLocation="http://www.imsglobal.org/xsd/imsqti_v2p1 http://www.imsglobal.org/xsd/qti/qtiv2p1/imsqti_v2p1p1.xsd">
    <responseDeclaration identifier="RESPONSE" cardinality="single" baseType="string"/>
   <outcomeDeclaration identifier="SCORE" cardinality="single" baseType="float" normalMaximum="1" normalMinimum="0"/>
      <itemBody>
        <extendedTextInteraction format="plain" minStrings="1" responseIdentifier="RESPONSE">
            <prompt id="prompt">Define learning disabilities and give an example of one of the three specific types, along with a definition of that precise condition.</prompt>
    </extendedTextInteraction>
 
 
 
    <p>Sample Answer: Learning disabilities are considered specific neurological impairments rather than global intellectual or developmental disabilities. A person with a language disability has difficulty understanding or using spoken language, whereas someone with a reading disability, such as dyslexia, has difficulty processing what he or she is reading. A person with a mathematical disability, dyscalculia, may have deficits in basic understanding of mathematical functions and concepts.</p>
 
 
 
    </itemBody>
</assessmentItem>
 