<?xml version="1.0" encoding="UTF-8"?>
<assessmentItem identifier="Chapter7" title="Thinking and Intelligence" adaptive="false" timeDependent="false" 
  xmlns:xsi="http://www.w3.org/2001/XMLSchema-instance" 
  xmlns="http://www.imsglobal.org/xsd/imsqti_v2p1"
  xsi:schemaLocation="http://www.imsglobal.org/xsd/imsqti_v2p1 http://www.imsglobal.org/xsd/qti/qtiv2p1/imsqti_v2p1p1.xsd">
    <responseDeclaration identifier="RESPONSE" cardinality="single" baseType="identifier">
<correctResponse>
<value>C</value>
</correctResponse>
</responseDeclaration>
     <outcomeDeclaration identifier="SCORE" cardinality="single" baseType="float" normalMaximum="1" normalMinimum="0">
      <defaultValue>
        <value>0</value>
      </defaultValue>
    </outcomeDeclaration>
  	<itemBody>
	<choiceInteraction responseIdentifier="RESPONSE" shuffle="false" maxChoices="1" id="choicereduction">
		<prompt id="prompt">Rudy is amazing in all of his school classes, <em>except </em>math. He struggles to understand basic arithmetic concepts, confuses mathematical symbols like &#8220;&#43;&#8221; and &#8220;&#61;&#8221;, and gets very frustrated and upset at the thought of doing math homework. Rudy has a normal level of cognitive functioning in other areas, and reads and writes with ease. Rudy&#8217;s parents may want to have him evaluated to see if he suffers from &#95;&#95;&#95;&#95;&#95;&#95;&#95;&#95;.</prompt>
<simpleChoice identifier="A" fixed="true">
dyslexia
</simpleChoice>
<simpleChoice identifier="B" fixed="true">
dysgraphia
</simpleChoice>
<simpleChoice identifier="C" fixed="true">
dyscalculia
</simpleChoice>
<simpleChoice identifier="D" fixed="true">
intellectual disability
</simpleChoice>
</choiceInteraction>
</itemBody>
<responseProcessing template="http://www.imsglobal.org/question/qti_v2p1/rptemplates/match_correct"/>
</assessmentItem>