<?xml version="1.0" encoding="UTF-8"?>
 
 
 
<assessmentItem identifier="Chapter7" title="Thinking and Intelligence" adaptive="false" timeDependent="false" 
  xmlns:xsi="http://www.w3.org/2001/XMLSchema-instance" 
  xmlns="http://www.imsglobal.org/xsd/imsqti_v2p1"
  xsi:schemaLocation="http://www.imsglobal.org/xsd/imsqti_v2p1 http://www.imsglobal.org/xsd/qti/qtiv2p1/imsqti_v2p1p1.xsd">
    <responseDeclaration identifier="RESPONSE" cardinality="single" baseType="string"/>
   <outcomeDeclaration identifier="SCORE" cardinality="single" baseType="float" normalMaximum="1" normalMinimum="0"/>
      <itemBody>
        <extendedTextInteraction format="plain" minStrings="1" responseIdentifier="RESPONSE">
            <prompt id="prompt">How do humans acquire language? Identify one factor influencing language acquisition.</prompt>
    </extendedTextInteraction>
 
 
 
    <p>Sample Answer: The use of language develops in the absence of formal instruction and appears to follow a very similar pattern in children from vastly different cultures and backgrounds. Therefore, we are born with a biological predisposition to acquire language. Age is a factor influencing language acquisition. Generally, as people age, it becomes harder to acquire and master new languages.</p>
 
 
 
    </itemBody>
</assessmentItem>
 