<?xml version="1.0" encoding="UTF-8"?>
 
 
 
<assessmentItem identifier="Chapter7" title="Thinking and Intelligence" adaptive="false" timeDependent="false" 
  xmlns:xsi="http://www.w3.org/2001/XMLSchema-instance" 
  xmlns="http://www.imsglobal.org/xsd/imsqti_v2p1"
  xsi:schemaLocation="http://www.imsglobal.org/xsd/imsqti_v2p1 http://www.imsglobal.org/xsd/qti/qtiv2p1/imsqti_v2p1p1.xsd">
    <responseDeclaration identifier="RESPONSE" cardinality="single" baseType="string"/>
   <outcomeDeclaration identifier="SCORE" cardinality="single" baseType="float" normalMaximum="1" normalMinimum="0"/>
      <itemBody>
        <extendedTextInteraction format="plain" minStrings="1" responseIdentifier="RESPONSE">
            <prompt id="prompt">Compare and contrast interpersonal and intrapersonal intelligence.</prompt>
    </extendedTextInteraction>
 
 
 
    <p>Sample Answer: Interpersonal intelligence involves the ability to understand and be sensitive to the various emotional states of others. Intrapersonal intelligence involves the ability to access personal feelings and motivations and use them to direct behavior and reach personal goals.</p>
 
 
 
    </itemBody>
</assessmentItem>
 