<?xml version="1.0" encoding="UTF-8"?>
 
 
 
<assessmentItem identifier="Chapter7" title="Thinking and Intelligence" adaptive="false" timeDependent="false" 
  xmlns:xsi="http://www.w3.org/2001/XMLSchema-instance" 
  xmlns="http://www.imsglobal.org/xsd/imsqti_v2p1"
  xsi:schemaLocation="http://www.imsglobal.org/xsd/imsqti_v2p1 http://www.imsglobal.org/xsd/qti/qtiv2p1/imsqti_v2p1p1.xsd">
    <responseDeclaration identifier="RESPONSE" cardinality="single" baseType="string"/>
   <outcomeDeclaration identifier="SCORE" cardinality="single" baseType="float" normalMaximum="1" normalMinimum="0"/>
      <itemBody>
        <extendedTextInteraction format="plain" minStrings="1" responseIdentifier="RESPONSE">
            <prompt id="prompt">Define both divergent and convergent thinking.</prompt>
    </extendedTextInteraction>
 
 
 
    <p>Sample Answer: Divergent thinking can be described as thinking outside the box; it allows an individual to arrive at unique, multiple solutions to a given problem. Convergent thinking describes the ability to provide a correct or well-established answer or solution to a problem.</p>
 
 
 
    </itemBody>
</assessmentItem>
 