<?xml version="1.0" encoding="UTF-8"?>
 
 
 
<assessmentItem identifier="Chapter7" title="Thinking and Intelligence" adaptive="false" timeDependent="false" 
  xmlns:xsi="http://www.w3.org/2001/XMLSchema-instance" 
  xmlns="http://www.imsglobal.org/xsd/imsqti_v2p1"
  xsi:schemaLocation="http://www.imsglobal.org/xsd/imsqti_v2p1 http://www.imsglobal.org/xsd/qti/qtiv2p1/imsqti_v2p1p1.xsd">
    <responseDeclaration identifier="RESPONSE" cardinality="single" baseType="string"/>
   <outcomeDeclaration identifier="SCORE" cardinality="single" baseType="float" normalMaximum="1" normalMinimum="0"/>
      <itemBody>
        <extendedTextInteraction format="plain" minStrings="1" responseIdentifier="RESPONSE">
            <prompt id="prompt">List the stages of language and communication development in order of age of acquisition that occur between birth and 18-months old.</prompt>
    </extendedTextInteraction>
 
 
 
    <p>Sample Answer: The first stage of language and communication development is reflexive communication, which occurs between 0 and 3 months of age. Reflexive communication that includes an interest in others occurs between 3 and 8 months old. The next stage involves intentional communication that happens between 8 and 13 months old. The last stage includes first spoken words, which occurs between 12 and 18 months old.</p>
 
 
 
    </itemBody>
</assessmentItem>
 