<?xml version="1.0" encoding="UTF-8"?>
<assessmentItem identifier="Chapter6" title="Learning" adaptive="false" timeDependent="false" 
  xmlns:xsi="http://www.w3.org/2001/XMLSchema-instance" 
  xmlns="http://www.imsglobal.org/xsd/imsqti_v2p1"
  xsi:schemaLocation="http://www.imsglobal.org/xsd/imsqti_v2p1 http://www.imsglobal.org/xsd/qti/qtiv2p1/imsqti_v2p1p1.xsd">
    <responseDeclaration identifier="RESPONSE" cardinality="single" baseType="identifier">
<correctResponse>
<value>D</value>
</correctResponse>
</responseDeclaration>
     <outcomeDeclaration identifier="SCORE" cardinality="single" baseType="float" normalMaximum="1" normalMinimum="0">
      <defaultValue>
        <value>0</value>
      </defaultValue>
    </outcomeDeclaration>
  	<itemBody>
	<choiceInteraction responseIdentifier="RESPONSE" shuffle="false" maxChoices="1" id="choicereduction">
		<prompt id="prompt">Stanley was diagnosed with lymphoma and had to undergo several months of chemotherapy. During this time he would become very nauseated as a side effect, and unintentionally came to associate that nausea with his favorite grilled cheese sandwich. Now, years later, even thinking about a grilled cheese sandwich makes him sick. In this example, Stanley&#8217;s nauseous reaction to a grilled cheese sandwich is the &#95;&#95;&#95;&#95;&#95;&#95;&#95;&#95;.</prompt>
<simpleChoice identifier="A" fixed="true">
unconditioned stimulus
</simpleChoice>
<simpleChoice identifier="B" fixed="true">
unconditioned response
</simpleChoice>
<simpleChoice identifier="C" fixed="true">
conditioned stimulus
</simpleChoice>
<simpleChoice identifier="D" fixed="true">
conditioned response
</simpleChoice>
</choiceInteraction>
</itemBody>
<responseProcessing template="http://www.imsglobal.org/question/qti_v2p1/rptemplates/match_correct"/>
</assessmentItem>