<?xml version="1.0" encoding="UTF-8"?>
<assessmentItem identifier="Chapter6" title="Learning" adaptive="false" timeDependent="false" 
  xmlns:xsi="http://www.w3.org/2001/XMLSchema-instance" 
  xmlns="http://www.imsglobal.org/xsd/imsqti_v2p1"
  xsi:schemaLocation="http://www.imsglobal.org/xsd/imsqti_v2p1 http://www.imsglobal.org/xsd/qti/qtiv2p1/imsqti_v2p1p1.xsd">
    <responseDeclaration identifier="RESPONSE" cardinality="single" baseType="identifier">
<correctResponse>
<value>A</value>
</correctResponse>
</responseDeclaration>
     <outcomeDeclaration identifier="SCORE" cardinality="single" baseType="float" normalMaximum="1" normalMinimum="0">
      <defaultValue>
        <value>0</value>
      </defaultValue>
    </outcomeDeclaration>
  	<itemBody>
	<choiceInteraction responseIdentifier="RESPONSE" shuffle="false" maxChoices="1" id="choicereduction">
		<prompt id="prompt">Which option is the most valid criticism of Watson and Rayner&#8217;s work with &#8220;little Albert&#8221;?</prompt>
<simpleChoice identifier="A" fixed="true">
It would be unethical by today&#8217;s research standards.
</simpleChoice>
<simpleChoice identifier="B" fixed="true">
It did not use multiple pairings of an UCS with a NS.
</simpleChoice>
<simpleChoice identifier="C" fixed="true">
They did not have the permission of Albert&#8217;s mother to conduct the research.
</simpleChoice>
<simpleChoice identifier="D" fixed="true">
The provided no compensation to Albert&#8217;s mother for his participation in the study.
</simpleChoice>
</choiceInteraction>
</itemBody>
<responseProcessing template="http://www.imsglobal.org/question/qti_v2p1/rptemplates/match_correct"/>
</assessmentItem>