<?xml version="1.0" encoding="UTF-8"?>
<assessmentItem identifier="Chapter6" title="Learning" adaptive="false" timeDependent="false" 
  xmlns:xsi="http://www.w3.org/2001/XMLSchema-instance" 
  xmlns="http://www.imsglobal.org/xsd/imsqti_v2p1"
  xsi:schemaLocation="http://www.imsglobal.org/xsd/imsqti_v2p1 http://www.imsglobal.org/xsd/qti/qtiv2p1/imsqti_v2p1p1.xsd">
    <responseDeclaration identifier="RESPONSE" cardinality="single" baseType="identifier">
<correctResponse>
<value>C</value>
</correctResponse>
</responseDeclaration>
     <outcomeDeclaration identifier="SCORE" cardinality="single" baseType="float" normalMaximum="1" normalMinimum="0">
      <defaultValue>
        <value>0</value>
      </defaultValue>
    </outcomeDeclaration>
  	<itemBody>
	<choiceInteraction responseIdentifier="RESPONSE" shuffle="false" maxChoices="1" id="choicereduction">
		<prompt id="prompt">Molly attempts to condition her puppy to greet her when she enters the house. She repeatedly pairs her entry to the house with a treat for the puppy. The puppy eventually acquires this ability, and Molly realizes how irritating it is for the puppy to run up to her every time she enters the house. She attempts to make the puppy stop, and eventually the puppy no longer feels motivated to greet her when she enters the house. The puppy no longer greeting her when she enters the house is an example of &#95;&#95;&#95;&#95;&#95;&#95;&#95;&#95;.</prompt>
<simpleChoice identifier="A" fixed="true">
acquisition
</simpleChoice>
<simpleChoice identifier="B" fixed="true">
conditioning 
</simpleChoice>
<simpleChoice identifier="C" fixed="true">
extinction
</simpleChoice>
<simpleChoice identifier="D" fixed="true">
learning
</simpleChoice>
</choiceInteraction>
</itemBody>
<responseProcessing template="http://www.imsglobal.org/question/qti_v2p1/rptemplates/match_correct"/>
</assessmentItem>