<?xml version="1.0" encoding="UTF-8"?>
<assessmentItem identifier="Chapter6" title="Learning" adaptive="false" timeDependent="false" 
  xmlns:xsi="http://www.w3.org/2001/XMLSchema-instance" 
  xmlns="http://www.imsglobal.org/xsd/imsqti_v2p1"
  xsi:schemaLocation="http://www.imsglobal.org/xsd/imsqti_v2p1 http://www.imsglobal.org/xsd/qti/qtiv2p1/imsqti_v2p1p1.xsd">
    <responseDeclaration identifier="RESPONSE" cardinality="single" baseType="identifier">
<correctResponse>
<value>C</value>
</correctResponse>
</responseDeclaration>
     <outcomeDeclaration identifier="SCORE" cardinality="single" baseType="float" normalMaximum="1" normalMinimum="0">
      <defaultValue>
        <value>0</value>
      </defaultValue>
    </outcomeDeclaration>
  	<itemBody>
	<choiceInteraction responseIdentifier="RESPONSE" shuffle="false" maxChoices="1" id="choicereduction">
		<prompt id="prompt">You are a big fan of your grandmother&#8217;s chocolate chip cookies. Just the smell of them causes you to feel hungry. One night she is making chocolate chip oatmeal almond cookies, a variation of her usual recipe. You smell the baking cookies and even though it is different than her usual cookie scent, you still suddenly feel hungry for a treat. This demonstrates the classical conditioning principle of &#95;&#95;&#95;&#95;&#95;&#95;&#95;&#95;.</prompt>
<simpleChoice identifier="A" fixed="true">
extinction
</simpleChoice>
<simpleChoice identifier="B" fixed="true">
stimulus discrimination
</simpleChoice>
<simpleChoice identifier="C" fixed="true">
stimulus generalization
</simpleChoice>
<simpleChoice identifier="D" fixed="true">
spontaneous recovery
</simpleChoice>
</choiceInteraction>
</itemBody>
<responseProcessing template="http://www.imsglobal.org/question/qti_v2p1/rptemplates/match_correct"/>
</assessmentItem>