<?xml version="1.0" encoding="UTF-8"?>
<assessmentItem identifier="Chapter6" title="Learning" adaptive="false" timeDependent="false" 
  xmlns:xsi="http://www.w3.org/2001/XMLSchema-instance" 
  xmlns="http://www.imsglobal.org/xsd/imsqti_v2p1"
  xsi:schemaLocation="http://www.imsglobal.org/xsd/imsqti_v2p1 http://www.imsglobal.org/xsd/qti/qtiv2p1/imsqti_v2p1p1.xsd">
    <responseDeclaration identifier="RESPONSE" cardinality="single" baseType="identifier">
<correctResponse>
<value>C</value>
</correctResponse>
</responseDeclaration>
     <outcomeDeclaration identifier="SCORE" cardinality="single" baseType="float" normalMaximum="1" normalMinimum="0">
      <defaultValue>
        <value>0</value>
      </defaultValue>
    </outcomeDeclaration>
  	<itemBody>
	<choiceInteraction responseIdentifier="RESPONSE" shuffle="false" maxChoices="1" id="choicereduction">
		<prompt id="prompt">After a hurricane warning came across the television, young Eli became terrified of the alarm sound that signaled a severe weather warning. Over the next few months he heard it several times when the &#8220;required monthly tests&#8221; came on the television, and his fear faded away. One day the alarm sounded and Eli jumped up and ran out of the room. This return of a previously extinguished response is called &#95;&#95;&#95;&#95;&#95;&#95;&#95;&#95;.</prompt>
<simpleChoice identifier="A" fixed="true">
second-level conditioning
</simpleChoice>
<simpleChoice identifier="B" fixed="true">
operant conditioning
</simpleChoice>
<simpleChoice identifier="C" fixed="true">
spontaneous recovery
</simpleChoice>
<simpleChoice identifier="D" fixed="true">
latent learning
</simpleChoice>
</choiceInteraction>
</itemBody>
<responseProcessing template="http://www.imsglobal.org/question/qti_v2p1/rptemplates/match_correct"/>
</assessmentItem>