<?xml version="1.0" encoding="UTF-8"?>
<assessmentItem identifier="Chapter6" title="Learning" adaptive="false" timeDependent="false" 
  xmlns:xsi="http://www.w3.org/2001/XMLSchema-instance" 
  xmlns="http://www.imsglobal.org/xsd/imsqti_v2p1"
  xsi:schemaLocation="http://www.imsglobal.org/xsd/imsqti_v2p1 http://www.imsglobal.org/xsd/qti/qtiv2p1/imsqti_v2p1p1.xsd">
    <responseDeclaration identifier="RESPONSE" cardinality="single" baseType="identifier">
<correctResponse>
<value>C</value>
</correctResponse>
</responseDeclaration>
     <outcomeDeclaration identifier="SCORE" cardinality="single" baseType="float" normalMaximum="1" normalMinimum="0">
      <defaultValue>
        <value>0</value>
      </defaultValue>
    </outcomeDeclaration>
  	<itemBody>
	<choiceInteraction responseIdentifier="RESPONSE" shuffle="false" maxChoices="1" id="choicereduction">
		<prompt id="prompt">Which experiment involves the use of classical conditioning?</prompt>
<simpleChoice identifier="A" fixed="true">
blindfolding someone and timing him to see how long he takes to find a button hidden in a room
</simpleChoice>
<simpleChoice identifier="B" fixed="true">
determining how long it takes a person to learn how to knit if he is only allowed to watch YouTube videos of people knitting
</simpleChoice>
<simpleChoice identifier="C" fixed="true">
knowing that a student fears exams, the instructor wears a bright red shirt only on exam day, every exam day, to see how long it is before the red shirt becomes an object of fear to the student
</simpleChoice>
<simpleChoice identifier="D" fixed="true">
rewarding a boy for finishing his vegetables with ice cream and counting how many nights of reinforcement are required before he voluntarily eats his vegetables
</simpleChoice>
</choiceInteraction>
</itemBody>
<responseProcessing template="http://www.imsglobal.org/question/qti_v2p1/rptemplates/match_correct"/>
</assessmentItem>