<?xml version="1.0" encoding="UTF-8"?>
<assessmentItem identifier="Chapter6" title="Learning" adaptive="false" timeDependent="false" 
  xmlns:xsi="http://www.w3.org/2001/XMLSchema-instance" 
  xmlns="http://www.imsglobal.org/xsd/imsqti_v2p1"
  xsi:schemaLocation="http://www.imsglobal.org/xsd/imsqti_v2p1 http://www.imsglobal.org/xsd/qti/qtiv2p1/imsqti_v2p1p1.xsd">
    <responseDeclaration identifier="RESPONSE" cardinality="single" baseType="identifier">
<correctResponse>
<value>A</value>
</correctResponse>
</responseDeclaration>
     <outcomeDeclaration identifier="SCORE" cardinality="single" baseType="float" normalMaximum="1" normalMinimum="0">
      <defaultValue>
        <value>0</value>
      </defaultValue>
    </outcomeDeclaration>
  	<itemBody>
	<choiceInteraction responseIdentifier="RESPONSE" shuffle="false" maxChoices="1" id="choicereduction">
		<prompt id="prompt">Jemma wants to teach her son to say thank you. Every time he says thank you, Jemma praises him and gives him a hug. Which reinforcement schedule is this?</prompt>
<simpleChoice identifier="A" fixed="true">
continuous
</simpleChoice>
<simpleChoice identifier="B" fixed="true">
partial
</simpleChoice>
<simpleChoice identifier="C" fixed="true">
primary
</simpleChoice>
<simpleChoice identifier="D" fixed="true">
secondary
</simpleChoice>
</choiceInteraction>
</itemBody>
<responseProcessing template="http://www.imsglobal.org/question/qti_v2p1/rptemplates/match_correct"/>
</assessmentItem>