<?xml version="1.0" encoding="UTF-8"?>
<assessmentItem identifier="Chapter6" title="Learning" adaptive="false" timeDependent="false" 
  xmlns:xsi="http://www.w3.org/2001/XMLSchema-instance" 
  xmlns="http://www.imsglobal.org/xsd/imsqti_v2p1"
  xsi:schemaLocation="http://www.imsglobal.org/xsd/imsqti_v2p1 http://www.imsglobal.org/xsd/qti/qtiv2p1/imsqti_v2p1p1.xsd">
    <responseDeclaration identifier="RESPONSE" cardinality="single" baseType="identifier">
<correctResponse>
<value>A</value>
</correctResponse>
</responseDeclaration>
     <outcomeDeclaration identifier="SCORE" cardinality="single" baseType="float" normalMaximum="1" normalMinimum="0">
      <defaultValue>
        <value>0</value>
      </defaultValue>
    </outcomeDeclaration>
  	<itemBody>
	<choiceInteraction responseIdentifier="RESPONSE" shuffle="false" maxChoices="1" id="choicereduction">
		<prompt id="prompt">Which statement about B. F. Skinner is correct?</prompt>
<simpleChoice identifier="A" fixed="true">
He is famous for demonstrating the principles of operant conditioning: The motivation for a behavior happens <em>after</em> the behavior is demonstrated.
</simpleChoice>
<simpleChoice identifier="B" fixed="true">
He placed hungry rats in a maze with no reward for finding their way through it, and he studied a comparison group that was rewarded with food at the end of the maze.
</simpleChoice>
<simpleChoice identifier="C" fixed="true">
He worked with Edward C. Tolman to prove that fear is both an instinct and a reflex.
</simpleChoice>
<simpleChoice identifier="D" fixed="true">
His experiments demonstrated that organisms can learn even if they do not receive immediate reinforcement.
</simpleChoice>
</choiceInteraction>
</itemBody>
<responseProcessing template="http://www.imsglobal.org/question/qti_v2p1/rptemplates/match_correct"/>
</assessmentItem>