<?xml version="1.0" encoding="UTF-8"?>
<assessmentItem identifier="Chapter6" title="Learning" adaptive="false" timeDependent="false" 
  xmlns:xsi="http://www.w3.org/2001/XMLSchema-instance" 
  xmlns="http://www.imsglobal.org/xsd/imsqti_v2p1"
  xsi:schemaLocation="http://www.imsglobal.org/xsd/imsqti_v2p1 http://www.imsglobal.org/xsd/qti/qtiv2p1/imsqti_v2p1p1.xsd">
    <responseDeclaration identifier="RESPONSE" cardinality="single" baseType="identifier">
<correctResponse>
<value>B</value>
</correctResponse>
</responseDeclaration>
     <outcomeDeclaration identifier="SCORE" cardinality="single" baseType="float" normalMaximum="1" normalMinimum="0">
      <defaultValue>
        <value>0</value>
      </defaultValue>
    </outcomeDeclaration>
  	<itemBody>
	<choiceInteraction responseIdentifier="RESPONSE" shuffle="false" maxChoices="1" id="choicereduction">
		<prompt id="prompt">Which of the following is an example of vicarious punishment?</prompt>
<simpleChoice identifier="A" fixed="true">
Belinda saw Mavis receive a hug for cleaning his room. She is careful to clean her room because she saw Mavis get a reward for doing it.
</simpleChoice>
<simpleChoice identifier="B" fixed="true">
Jeong observes his sister Bronwyn getting spanked for spitting out her carrots. Because he does not like getting spanked, he chews and swallows the carrots even though he hates them.
</simpleChoice>
<simpleChoice identifier="C" fixed="true">
Job wants to avoid being fired, so he follows the shop rules and does not smoke in the bathroom.
</simpleChoice>
<simpleChoice identifier="D" fixed="true">
Laurie wants to receive a smiley sticker and she knows from reading the rulebook that she will receive one if she behaves herself.
</simpleChoice>
</choiceInteraction>
</itemBody>
<responseProcessing template="http://www.imsglobal.org/question/qti_v2p1/rptemplates/match_correct"/>
</assessmentItem>