<?xml version="1.0" encoding="UTF-8"?>
<assessmentItem identifier="Chapter6" title="Learning" adaptive="false" timeDependent="false" 
  xmlns:xsi="http://www.w3.org/2001/XMLSchema-instance" 
  xmlns="http://www.imsglobal.org/xsd/imsqti_v2p1"
  xsi:schemaLocation="http://www.imsglobal.org/xsd/imsqti_v2p1 http://www.imsglobal.org/xsd/qti/qtiv2p1/imsqti_v2p1p1.xsd">
    <responseDeclaration identifier="RESPONSE" cardinality="single" baseType="identifier">
<correctResponse>
<value>A</value>
</correctResponse>
</responseDeclaration>
     <outcomeDeclaration identifier="SCORE" cardinality="single" baseType="float" normalMaximum="1" normalMinimum="0">
      <defaultValue>
        <value>0</value>
      </defaultValue>
    </outcomeDeclaration>
  	<itemBody>
	<choiceInteraction responseIdentifier="RESPONSE" shuffle="false" maxChoices="1" id="choicereduction">
		<prompt id="prompt">Which of the following is an example of vicarious reinforcement?</prompt>
<simpleChoice identifier="A" fixed="true">
Babs saw Martin receive a candy bar for completing his reading list. She is careful to complete her reading list because she saw Martin get a reward for doing it.
</simpleChoice>
<simpleChoice identifier="B" fixed="true">
Lana wants to receive a candy bar and she knows from reading the rulebook that she will receive one if she earns enough good behavior tokens.
</simpleChoice>
<simpleChoice identifier="C" fixed="true">
Park wants to avoid detention, so he follows the school rules and does not smoke on the playground.
</simpleChoice>
<simpleChoice identifier="D" fixed="true">
Ryan observes Cameron getting a time out for spitting out her toast. Because he saw his friend punished, he does not spit out his toast.
</simpleChoice>
</choiceInteraction>
</itemBody>
<responseProcessing template="http://www.imsglobal.org/question/qti_v2p1/rptemplates/match_correct"/>
</assessmentItem>