<?xml version="1.0" encoding="UTF-8"?>
<assessmentItem identifier="Chapter6" title="Learning" adaptive="false" timeDependent="false" 
  xmlns:xsi="http://www.w3.org/2001/XMLSchema-instance" 
  xmlns="http://www.imsglobal.org/xsd/imsqti_v2p1"
  xsi:schemaLocation="http://www.imsglobal.org/xsd/imsqti_v2p1 http://www.imsglobal.org/xsd/qti/qtiv2p1/imsqti_v2p1p1.xsd">
    <responseDeclaration identifier="RESPONSE" cardinality="single" baseType="identifier">
<correctResponse>
<value>D</value>
</correctResponse>
</responseDeclaration>
     <outcomeDeclaration identifier="SCORE" cardinality="single" baseType="float" normalMaximum="1" normalMinimum="0">
      <defaultValue>
        <value>0</value>
      </defaultValue>
    </outcomeDeclaration>
  	<itemBody>
	<choiceInteraction responseIdentifier="RESPONSE" shuffle="false" maxChoices="1" id="choicereduction">
		<prompt id="prompt">Which of the following experiments involves the use of operant conditioning?</prompt>
<simpleChoice identifier="A" fixed="true">
blindfolding someone and timing him to see how long it takes him to estimate the size of a room
</simpleChoice>
<simpleChoice identifier="B" fixed="true">
determining how long it takes someone to learn how to fish if he is only allowed to watch other people fishing
</simpleChoice>
<simpleChoice identifier="C" fixed="true">
pairing a puff of air to the eye with seeing the color red in order to find out how many repetitions it will take for someone to blink when he sees the color red
</simpleChoice>
<simpleChoice identifier="D" fixed="true">
rewarding a child for finishing his oatmeal mush and counting how many times the child needs to be rewarded before he finishes his oatmeal voluntarily
</simpleChoice>
</choiceInteraction>
</itemBody>
<responseProcessing template="http://www.imsglobal.org/question/qti_v2p1/rptemplates/match_correct"/>
</assessmentItem>