<?xml version="1.0" encoding="UTF-8"?>
<assessmentItem identifier="Chapter6" title="Learning" adaptive="false" timeDependent="false" 
  xmlns:xsi="http://www.w3.org/2001/XMLSchema-instance" 
  xmlns="http://www.imsglobal.org/xsd/imsqti_v2p1"
  xsi:schemaLocation="http://www.imsglobal.org/xsd/imsqti_v2p1 http://www.imsglobal.org/xsd/qti/qtiv2p1/imsqti_v2p1p1.xsd">
    <responseDeclaration identifier="RESPONSE" cardinality="single" baseType="string">
</responseDeclaration>  
   <outcomeDeclaration identifier="SCORE" cardinality="single" baseType="float" normalMaximum="1" normalMinimum="0">
      <defaultValue>
        <value>0</value>
      </defaultValue>
    </outcomeDeclaration>
  	<itemBody>
		<extendedTextInteraction format="plain" minStrings="1" responseIdentifier="RESPONSE">
			<prompt id="prompt">Explain the difference between a fixed interval reinforcement schedule and a fixed ratio reinforcement schedule.</prompt>
	</extendedTextInteraction>
	<p>Sample Answer: When using a fixed interval reinforcement schedule, behavior is rewarded after a set amount of time. When using a fixed ratio reinforcement schedule, a predetermined number of responses must occur before a behavior is rewarded. The difference is when the reward occurs: after a specific time period versus after a certain number of responses.</p>
	</itemBody>
</assessmentItem>