<?xml version="1.0" encoding="UTF-8"?>
<assessmentItem identifier="Chapter6" title="Learning" adaptive="false" timeDependent="false" 
  xmlns:xsi="http://www.w3.org/2001/XMLSchema-instance" 
  xmlns="http://www.imsglobal.org/xsd/imsqti_v2p1"
  xsi:schemaLocation="http://www.imsglobal.org/xsd/imsqti_v2p1 http://www.imsglobal.org/xsd/qti/qtiv2p1/imsqti_v2p1p1.xsd">
    <responseDeclaration identifier="RESPONSE" cardinality="single" baseType="string">
</responseDeclaration>  
   <outcomeDeclaration identifier="SCORE" cardinality="single" baseType="float" normalMaximum="1" normalMinimum="0">
      <defaultValue>
        <value>0</value>
      </defaultValue>
    </outcomeDeclaration>
  	<itemBody>
		<extendedTextInteraction format="plain" minStrings="1" responseIdentifier="RESPONSE">
			<prompt id="prompt">Cooper trains his boyfriend Patrick to avoid eating cake every day by squirting him with a water pistol every time he sees Patrick moving toward a cake. Eventually, Patrick avoids cakes altogether. In this example, identify the UCR, UCS, CS, and the CR.</prompt>
	</extendedTextInteraction>
	<p>The UCR is the desire to eat cake. The UCS is squirting Patrick with a water pistol. The CS is present when Patrick associates cake with being squirted by a water pistol. The CR is avoiding cake.</p>
	</itemBody>
</assessmentItem>