<?xml version="1.0" encoding="UTF-8"?>
<assessmentItem identifier="Chapter6" title="Learning" adaptive="false" timeDependent="false" 
  xmlns:xsi="http://www.w3.org/2001/XMLSchema-instance" 
  xmlns="http://www.imsglobal.org/xsd/imsqti_v2p1"
  xsi:schemaLocation="http://www.imsglobal.org/xsd/imsqti_v2p1 http://www.imsglobal.org/xsd/qti/qtiv2p1/imsqti_v2p1p1.xsd">
  <responseDeclaration identifier="RESPONSE" cardinality="single" baseType="string" />
  
    <outcomeDeclaration identifier="SCORE" cardinality="single" baseType="float" normalMaximum="1" normalMinimum="0"/>	<itemBody>
		<extendedTextInteraction format="plain" minStrings="1" responseIdentifier="RESPONSE">
			<prompt id="prompt">Define latent learning and provide a real life example.</prompt>
	</extendedTextInteraction>
	
	<p>Sample Answer: Latent learning is learning that occurs, but may not be evident until there is a reason to demonstrate it. For example, I read my son the same bedtime story every night. When we are stuck at a doctor&#8217;s office without the book, I realize I have memorized the story without knowing it and can recite it for him without having the book in front of me.</p>
	
	</itemBody>
	</assessmentItem>