<?xml version="1.0" encoding="UTF-8"?><assessmentItem identifier="Chapter14" title="Stress, Lifestyle, and Health" adaptive="false" timeDependent="false" 
  xmlns:xsi="http://www.w3.org/2001/XMLSchema-instance" 
  xmlns="http://www.imsglobal.org/xsd/imsqti_v2p1"
  xsi:schemaLocation="http://www.imsglobal.org/xsd/imsqti_v2p1 http://www.imsglobal.org/xsd/qti/qtiv2p1/imsqti_v2p1p1.xsd">
    <responseDeclaration identifier="RESPONSE" cardinality="single" baseType="identifier">
<correctResponse>
<value>B</value>
</correctResponse>
</responseDeclaration>
     <outcomeDeclaration identifier="SCORE" cardinality="single" baseType="float" normalMaximum="1" normalMinimum="0">
      <defaultValue>
        <value>0</value>
      </defaultValue>
    </outcomeDeclaration>
  	<itemBody>
	<choiceInteraction responseIdentifier="RESPONSE" shuffle="false" maxChoices="1" id="choicereduction">
		<prompt id="prompt">Which of the following is an example of a primary appraisal of a stressor?</prompt>
<simpleChoice identifier="A" fixed="true">
Ava decides to quit her job because her employer is so unpleasant.
</simpleChoice>
<simpleChoice identifier="B" fixed="true">
Humphrey judges the man with the gun to be a moderate threat.
</simpleChoice>
<simpleChoice identifier="C" fixed="true">
Mekhi weighs his options on dealing with the bully who is harassing him.
</simpleChoice>
<simpleChoice identifier="D" fixed="true">
Sophia decides to get a divorce because her husband is cheating on her.
</simpleChoice>
</choiceInteraction>
</itemBody>
<responseProcessing template="http://www.imsglobal.org/question/qti_v2p1/rptemplates/match_correct"/>
</assessmentItem>