<?xml version="1.0" encoding="UTF-8"?><assessmentItem identifier="Chapter14" title="Stress, Lifestyle, and Health" adaptive="false" timeDependent="false" 
  xmlns:xsi="http://www.w3.org/2001/XMLSchema-instance" 
  xmlns="http://www.imsglobal.org/xsd/imsqti_v2p1"
  xsi:schemaLocation="http://www.imsglobal.org/xsd/imsqti_v2p1 http://www.imsglobal.org/xsd/qti/qtiv2p1/imsqti_v2p1p1.xsd">
    <responseDeclaration identifier="RESPONSE" cardinality="single" baseType="identifier">
<correctResponse>
<value>A</value>
</correctResponse>
</responseDeclaration>
     <outcomeDeclaration identifier="SCORE" cardinality="single" baseType="float" normalMaximum="1" normalMinimum="0">
      <defaultValue>
        <value>0</value>
      </defaultValue>
    </outcomeDeclaration>
  	<itemBody>
	<choiceInteraction responseIdentifier="RESPONSE" shuffle="false" maxChoices="1" id="choicereduction">
		<prompt id="prompt">Which of the following is an example of a stimulus-based definition of stress? </prompt>
<simpleChoice identifier="A" fixed="true">
Caroline experiences stress because she is home alone and hears unusual noises outside.
</simpleChoice>
<simpleChoice identifier="B" fixed="true">
Carrie experiences stress because she notices her car is almost out of gas and worries about being stranded on the highway, but then she feels better when she sees a gas station nearby.
</simpleChoice>
<simpleChoice identifier="C" fixed="true">
Grace experiences stress when she notices her heartbeat increasing in response to being separated from her parents at the amusement park.
</simpleChoice>
<simpleChoice identifier="D" fixed="true">
Laura experiences stress because she gasped and had difficulty breathing when she saw a spider.
</simpleChoice>
</choiceInteraction>
</itemBody>
<responseProcessing template="http://www.imsglobal.org/question/qti_v2p1/rptemplates/match_correct"/>
</assessmentItem>