<?xml version="1.0" encoding="UTF-8"?><assessmentItem identifier="Chapter14" title="Stress, Lifestyle, and Health" adaptive="false" timeDependent="false" 
  xmlns:xsi="http://www.w3.org/2001/XMLSchema-instance" 
  xmlns="http://www.imsglobal.org/xsd/imsqti_v2p1"
  xsi:schemaLocation="http://www.imsglobal.org/xsd/imsqti_v2p1 http://www.imsglobal.org/xsd/qti/qtiv2p1/imsqti_v2p1p1.xsd">
    <responseDeclaration identifier="RESPONSE" cardinality="single" baseType="identifier">
<correctResponse>
<value>C</value>
</correctResponse>
</responseDeclaration>
     <outcomeDeclaration identifier="SCORE" cardinality="single" baseType="float" normalMaximum="1" normalMinimum="0">
      <defaultValue>
        <value>0</value>
      </defaultValue>
    </outcomeDeclaration>
  	<itemBody>
	<choiceInteraction responseIdentifier="RESPONSE" shuffle="false" maxChoices="1" id="choicereduction">
		<prompt id="prompt">In Hans Selye&#8217;s rat study, rats that were exposed to stressors over a long period of time showed signs of &#95;&#95;&#95;&#95;&#95;&#95;&#95;&#95;.</prompt>
<simpleChoice identifier="A" fixed="true">
adrenal dissipation, thymus and lymph node mortification, and constipation
</simpleChoice>
<simpleChoice identifier="B" fixed="true">
adrenal enlargement, thymus and lymph node enlargement, and stomach ulceration
</simpleChoice>
<simpleChoice identifier="C" fixed="true">
adrenal enlargement, thymus and lymph node shrinkage, and stomach ulceration
</simpleChoice>
<simpleChoice identifier="D" fixed="true">
adrenal shrinkage, thymus and lymph node enlargement, and stomach ulceration
</simpleChoice>
</choiceInteraction>
</itemBody>
<responseProcessing template="http://www.imsglobal.org/question/qti_v2p1/rptemplates/match_correct"/>
</assessmentItem>