<?xml version="1.0" encoding="UTF-8"?><assessmentItem identifier="Chapter14" title="Stress, Lifestyle, and Health" adaptive="false" timeDependent="false" 
  xmlns:xsi="http://www.w3.org/2001/XMLSchema-instance" 
  xmlns="http://www.imsglobal.org/xsd/imsqti_v2p1"
  xsi:schemaLocation="http://www.imsglobal.org/xsd/imsqti_v2p1 http://www.imsglobal.org/xsd/qti/qtiv2p1/imsqti_v2p1p1.xsd">
    <responseDeclaration identifier="RESPONSE" cardinality="single" baseType="identifier">
<correctResponse>
<value>D</value>
</correctResponse>
</responseDeclaration>
     <outcomeDeclaration identifier="SCORE" cardinality="single" baseType="float" normalMaximum="1" normalMinimum="0">
      <defaultValue>
        <value>0</value>
      </defaultValue>
    </outcomeDeclaration>
  	<itemBody>
	<choiceInteraction responseIdentifier="RESPONSE" shuffle="false" maxChoices="1" id="choicereduction">
		<prompt id="prompt">According to three separate surveys, administered in 1983, 2006, and 2009, which statement about the relationship between stress and sex is the most accurate?</prompt>
<simpleChoice identifier="A" fixed="true">
Men and women report experiencing approximately the same amount of stress.
</simpleChoice>
<simpleChoice identifier="B" fixed="true">
Men report experiencing more stress than women.
</simpleChoice>
<simpleChoice identifier="C" fixed="true">
While women report experiencing less stress later in life, men report experiencing more stress later in life.
</simpleChoice>
<simpleChoice identifier="D" fixed="true">
Women report experiencing more stress than men.
</simpleChoice>
</choiceInteraction>
</itemBody>
<responseProcessing template="http://www.imsglobal.org/question/qti_v2p1/rptemplates/match_correct"/>
</assessmentItem>