<?xml version="1.0" encoding="UTF-8"?><assessmentItem identifier="Chapter14" title="Stress, Lifestyle, and Health" adaptive="false" timeDependent="false" 
  xmlns:xsi="http://www.w3.org/2001/XMLSchema-instance" 
  xmlns="http://www.imsglobal.org/xsd/imsqti_v2p1"
  xsi:schemaLocation="http://www.imsglobal.org/xsd/imsqti_v2p1 http://www.imsglobal.org/xsd/qti/qtiv2p1/imsqti_v2p1p1.xsd">
    <responseDeclaration identifier="RESPONSE" cardinality="single" baseType="identifier">
<correctResponse>
<value>C</value>
</correctResponse>
</responseDeclaration>
     <outcomeDeclaration identifier="SCORE" cardinality="single" baseType="float" normalMaximum="1" normalMinimum="0">
      <defaultValue>
        <value>0</value>
      </defaultValue>
    </outcomeDeclaration>
  	<itemBody>
	<choiceInteraction responseIdentifier="RESPONSE" shuffle="false" maxChoices="1" id="choicereduction">
		<prompt id="prompt">Which of the following is an example of the exhaustion stage of the general adaptation syndrome?</prompt>
<simpleChoice identifier="A" fixed="true">
Betty steps down as class treasurer her senior year because she needs to focus on her grades.
</simpleChoice>
<simpleChoice identifier="B" fixed="true">
Burt is determined to learn how to play chess, so he spends all his time reading chess books.
</simpleChoice>
<simpleChoice identifier="C" fixed="true">
After wondering for months if he was going to lose his job, Nicolao begins to develop stomach ulcers.
</simpleChoice>
<simpleChoice identifier="D" fixed="true">
Nanette stays up all night to study for her math test.
</simpleChoice>
</choiceInteraction>
</itemBody>
<responseProcessing template="http://www.imsglobal.org/question/qti_v2p1/rptemplates/match_correct"/>
</assessmentItem>