<?xml version="1.0" encoding="UTF-8"?><assessmentItem identifier="Chapter14" title="Stress, Lifestyle, and Health" adaptive="false" timeDependent="false" 
  xmlns:xsi="http://www.w3.org/2001/XMLSchema-instance" 
  xmlns="http://www.imsglobal.org/xsd/imsqti_v2p1"
  xsi:schemaLocation="http://www.imsglobal.org/xsd/imsqti_v2p1 http://www.imsglobal.org/xsd/qti/qtiv2p1/imsqti_v2p1p1.xsd">
    <responseDeclaration identifier="RESPONSE" cardinality="single" baseType="identifier">
<correctResponse>
<value>B</value>
</correctResponse>
</responseDeclaration>
     <outcomeDeclaration identifier="SCORE" cardinality="single" baseType="float" normalMaximum="1" normalMinimum="0">
      <defaultValue>
        <value>0</value>
      </defaultValue>
    </outcomeDeclaration>
  	<itemBody>
	<choiceInteraction responseIdentifier="RESPONSE" shuffle="false" maxChoices="1" id="choicereduction">
		<prompt id="prompt">Keegan is a police officer. She was recently placed on administrative leave because she was shot during an armed robbery. Since the shooting, she can&#8217;t stop thinking about how it felt to be shot, she is often angry with her husband, she jumps when she hears a loud noise, and she takes a 15 minute detour when driving home to avoid the neighborhood where it happened. Keegan probably suffers from &#95;&#95;&#95;&#95;&#95;&#95;&#95;&#95;.</prompt>
<simpleChoice identifier="A" fixed="true">
physiological stressors related to her shooting
</simpleChoice>
<simpleChoice identifier="B" fixed="true">
posttraumatic stress disorder
</simpleChoice>
<simpleChoice identifier="C" fixed="true">
bipolar depressive disorder
</simpleChoice>
<simpleChoice identifier="D" fixed="true">
the exhaustion stage of the general adaptation syndrome
</simpleChoice>
</choiceInteraction>
</itemBody>
<responseProcessing template="http://www.imsglobal.org/question/qti_v2p1/rptemplates/match_correct"/>
</assessmentItem>