<?xml version="1.0" encoding="UTF-8"?><assessmentItem identifier="Chapter14" title="Stress, Lifestyle, and Health" adaptive="false" timeDependent="false" 
  xmlns:xsi="http://www.w3.org/2001/XMLSchema-instance" 
  xmlns="http://www.imsglobal.org/xsd/imsqti_v2p1"
  xsi:schemaLocation="http://www.imsglobal.org/xsd/imsqti_v2p1 http://www.imsglobal.org/xsd/qti/qtiv2p1/imsqti_v2p1p1.xsd">
    <responseDeclaration identifier="RESPONSE" cardinality="single" baseType="identifier">
<correctResponse>
<value>A</value>
</correctResponse>
</responseDeclaration>
     <outcomeDeclaration identifier="SCORE" cardinality="single" baseType="float" normalMaximum="1" normalMinimum="0">
      <defaultValue>
        <value>0</value>
      </defaultValue>
    </outcomeDeclaration>
  	<itemBody>
	<choiceInteraction responseIdentifier="RESPONSE" shuffle="false" maxChoices="1" id="choicereduction">
		<prompt id="prompt">Which of the following is an example of the alarm reaction stage of the general adaptation syndrome?</prompt>
<simpleChoice identifier="A" fixed="true">
A burst of energy enables Hassan to run fast when he sees a skunk in his path.
</simpleChoice>
<simpleChoice identifier="B" fixed="true">
Bill collapses by the side of the road after the marathon.
</simpleChoice>
<simpleChoice identifier="C" fixed="true">
Sheila almost drowned, but she was able to keep her head out of the water and focus on swimming to shore.
</simpleChoice>
<simpleChoice identifier="D" fixed="true">
William sleepwalks when he eats too much candy before bed.
</simpleChoice>
</choiceInteraction>
</itemBody>
<responseProcessing template="http://www.imsglobal.org/question/qti_v2p1/rptemplates/match_correct"/>
</assessmentItem>