<?xml version="1.0" encoding="UTF-8"?><assessmentItem identifier="Chapter14" title="Stress, Lifestyle, and Health" adaptive="false" timeDependent="false" 
  xmlns:xsi="http://www.w3.org/2001/XMLSchema-instance" 
  xmlns="http://www.imsglobal.org/xsd/imsqti_v2p1"
  xsi:schemaLocation="http://www.imsglobal.org/xsd/imsqti_v2p1 http://www.imsglobal.org/xsd/qti/qtiv2p1/imsqti_v2p1p1.xsd">
    <responseDeclaration identifier="RESPONSE" cardinality="single" baseType="identifier">
<correctResponse>
<value>B</value>
</correctResponse>
</responseDeclaration>
     <outcomeDeclaration identifier="SCORE" cardinality="single" baseType="float" normalMaximum="1" normalMinimum="0">
      <defaultValue>
        <value>0</value>
      </defaultValue>
    </outcomeDeclaration>
  	<itemBody>
	<choiceInteraction responseIdentifier="RESPONSE" shuffle="false" maxChoices="1" id="choicereduction">
		<prompt id="prompt">Doug is an emergency room nurse in a large, underfunded, public hospital. Lately, he finds himself assuming that the patients he sees are just trying to get free drugs to feed an addiction. Just yesterday a little boy was brought in with a broken arm, and Doug found that he was completely indifferent to the boy&#8217;s pain. What aspect of job burnout does this exemplify?</prompt>
<simpleChoice identifier="A" fixed="true">
dimension 1 - exhaustion 
</simpleChoice>
<simpleChoice identifier="B" fixed="true">
dimension 2 - depersonalization 
</simpleChoice>
<simpleChoice identifier="C" fixed="true">
dimension 3 - diminished personal accomplishment
</simpleChoice>
<simpleChoice identifier="D" fixed="true">
dimension 4 - giving up
</simpleChoice>
</choiceInteraction>
</itemBody>
<responseProcessing template="http://www.imsglobal.org/question/qti_v2p1/rptemplates/match_correct"/>
</assessmentItem>