<?xml version="1.0" encoding="UTF-8"?><assessmentItem identifier="Chapter14" title="Stress, Lifestyle, and Health" adaptive="false" timeDependent="false" 
  xmlns:xsi="http://www.w3.org/2001/XMLSchema-instance" 
  xmlns="http://www.imsglobal.org/xsd/imsqti_v2p1"
  xsi:schemaLocation="http://www.imsglobal.org/xsd/imsqti_v2p1 http://www.imsglobal.org/xsd/qti/qtiv2p1/imsqti_v2p1p1.xsd">
    <responseDeclaration identifier="RESPONSE" cardinality="single" baseType="identifier">
<correctResponse>
<value>A</value>
</correctResponse>
</responseDeclaration>
     <outcomeDeclaration identifier="SCORE" cardinality="single" baseType="float" normalMaximum="1" normalMinimum="0">
      <defaultValue>
        <value>0</value>
      </defaultValue>
    </outcomeDeclaration>
  	<itemBody>
	<choiceInteraction responseIdentifier="RESPONSE" shuffle="false" maxChoices="1" id="choicereduction">
		<prompt id="prompt">Anna is a school counselor. She hates going to work and wants to lock the door and cry whenever a student comes to her for help. She just doesn&#8217;t feel like she has anything left to give. What dimension of job burnout does this exemplify?</prompt>
<simpleChoice identifier="A" fixed="true">
dimension 1 - exhaustion 
</simpleChoice>
<simpleChoice identifier="B" fixed="true">
dimension 2 - depersonalization 
</simpleChoice>
<simpleChoice identifier="C" fixed="true">
dimension 3 - diminished personal accomplishment
</simpleChoice>
<simpleChoice identifier="D" fixed="true">
dimension 4 - giving up
</simpleChoice>
</choiceInteraction>
</itemBody>
<responseProcessing template="http://www.imsglobal.org/question/qti_v2p1/rptemplates/match_correct"/>
</assessmentItem>