<?xml version="1.0" encoding="UTF-8"?><assessmentItem identifier="Chapter14" title="Stress, Lifestyle, and Health" adaptive="false" timeDependent="false" 
  xmlns:xsi="http://www.w3.org/2001/XMLSchema-instance" 
  xmlns="http://www.imsglobal.org/xsd/imsqti_v2p1"
  xsi:schemaLocation="http://www.imsglobal.org/xsd/imsqti_v2p1 http://www.imsglobal.org/xsd/qti/qtiv2p1/imsqti_v2p1p1.xsd">
    <responseDeclaration identifier="RESPONSE" cardinality="single" baseType="identifier">
<correctResponse>
<value>B</value>
</correctResponse>
</responseDeclaration>
     <outcomeDeclaration identifier="SCORE" cardinality="single" baseType="float" normalMaximum="1" normalMinimum="0">
      <defaultValue>
        <value>0</value>
      </defaultValue>
    </outcomeDeclaration>
  	<itemBody>
	<choiceInteraction responseIdentifier="RESPONSE" shuffle="false" maxChoices="1" id="choicereduction">
		<prompt id="prompt">Lydia is often described as having an easy, laid-back outlook on life. She tends to be very relaxed, is not particularly competitive, and rarely feels or demonstrates anger or hostility. Lydia exemplifies a Type &#95;&#95;&#95;&#95;&#95;&#95;&#95;&#95; behavior pattern.</prompt>
<simpleChoice identifier="A" fixed="true">
A
</simpleChoice>
<simpleChoice identifier="B" fixed="true">
B
</simpleChoice>
<simpleChoice identifier="C" fixed="true">
C
</simpleChoice>
<simpleChoice identifier="D" fixed="true">
D
</simpleChoice>
</choiceInteraction>
</itemBody>
<responseProcessing template="http://www.imsglobal.org/question/qti_v2p1/rptemplates/match_correct"/>
</assessmentItem>