<?xml version="1.0" encoding="UTF-8"?><assessmentItem identifier="Chapter14" title="Stress, Lifestyle, and Health" adaptive="false" timeDependent="false" 
  xmlns:xsi="http://www.w3.org/2001/XMLSchema-instance" 
  xmlns="http://www.imsglobal.org/xsd/imsqti_v2p1"
  xsi:schemaLocation="http://www.imsglobal.org/xsd/imsqti_v2p1 http://www.imsglobal.org/xsd/qti/qtiv2p1/imsqti_v2p1p1.xsd">
    <responseDeclaration identifier="RESPONSE" cardinality="single" baseType="identifier">
<correctResponse>
<value>C</value>
</correctResponse>
</responseDeclaration>
     <outcomeDeclaration identifier="SCORE" cardinality="single" baseType="float" normalMaximum="1" normalMinimum="0">
      <defaultValue>
        <value>0</value>
      </defaultValue>
    </outcomeDeclaration>
  	<itemBody>
	<choiceInteraction responseIdentifier="RESPONSE" shuffle="false" maxChoices="1" id="choicereduction">
		<prompt id="prompt">The saying is &#8220;Money can buy happiness,&#8221; but research finds that in the United States those who earn more than &#95;&#95;&#95;&#95;&#95;&#95;&#95;&#95; per year are not measurably happier than those who earn below that amount.</prompt>
<simpleChoice identifier="A" fixed="true">
&#36;40,000
</simpleChoice>
<simpleChoice identifier="B" fixed="true">
&#36;55,000
</simpleChoice>
<simpleChoice identifier="C" fixed="true">
&#36;75,000
</simpleChoice>
<simpleChoice identifier="D" fixed="true">
&#36;92,000
</simpleChoice>
</choiceInteraction>
</itemBody>
<responseProcessing template="http://www.imsglobal.org/question/qti_v2p1/rptemplates/match_correct"/>
</assessmentItem>