<?xml version="1.0" encoding="UTF-8"?><assessmentItem identifier="Chapter14" title="Stress, Lifestyle, and Health" adaptive="false" timeDependent="false" 
  xmlns:xsi="http://www.w3.org/2001/XMLSchema-instance" 
  xmlns="http://www.imsglobal.org/xsd/imsqti_v2p1"
  xsi:schemaLocation="http://www.imsglobal.org/xsd/imsqti_v2p1 http://www.imsglobal.org/xsd/qti/qtiv2p1/imsqti_v2p1p1.xsd">
    <responseDeclaration identifier="RESPONSE" cardinality="single" baseType="identifier">
<correctResponse>
<value>C</value>
</correctResponse>
</responseDeclaration>
     <outcomeDeclaration identifier="SCORE" cardinality="single" baseType="float" normalMaximum="1" normalMinimum="0">
      <defaultValue>
        <value>0</value>
      </defaultValue>
    </outcomeDeclaration>
  	<itemBody>
	<choiceInteraction responseIdentifier="RESPONSE" shuffle="false" maxChoices="1" id="choicereduction">
		<prompt id="prompt">Brizan has just lost his job. He is proactive in trying to resolve this source of stress; he immediately uses the internet to look up other jobs in his field and plans to eliminate non-essentials from his budget to make his savings last longer. Which type of coping approach is Brizan using?</prompt>
<simpleChoice identifier="A" fixed="true">
proactive
</simpleChoice>
<simpleChoice identifier="B" fixed="true">
emotion-focused
</simpleChoice>
<simpleChoice identifier="C" fixed="true">
problem-focused
</simpleChoice>
<simpleChoice identifier="D" fixed="true">
stress reduction 
</simpleChoice>
</choiceInteraction>
</itemBody>
<responseProcessing template="http://www.imsglobal.org/question/qti_v2p1/rptemplates/match_correct"/>
</assessmentItem>