<?xml version="1.0" encoding="UTF-8"?><assessmentItem identifier="Chapter14" title="Stress, Lifestyle, and Health" adaptive="false" timeDependent="false" 
  xmlns:xsi="http://www.w3.org/2001/XMLSchema-instance" 
  xmlns="http://www.imsglobal.org/xsd/imsqti_v2p1"
  xsi:schemaLocation="http://www.imsglobal.org/xsd/imsqti_v2p1 http://www.imsglobal.org/xsd/qti/qtiv2p1/imsqti_v2p1p1.xsd">
    <responseDeclaration identifier="RESPONSE" cardinality="single" baseType="identifier">
<correctResponse>
<value>D</value>
</correctResponse>
</responseDeclaration>
     <outcomeDeclaration identifier="SCORE" cardinality="single" baseType="float" normalMaximum="1" normalMinimum="0">
      <defaultValue>
        <value>0</value>
      </defaultValue>
    </outcomeDeclaration>
  	<itemBody>
	<choiceInteraction responseIdentifier="RESPONSE" shuffle="false" maxChoices="1" id="choicereduction">
		<prompt id="prompt">Which of the following individuals is demonstrating an optimistic outlook on life?</prompt>
<simpleChoice identifier="A" fixed="true">
Cary, who gets angry when his favorite baseball team is losing a game.
</simpleChoice>
<simpleChoice identifier="B" fixed="true">
Carlotta, who has had enough of her job and doesn&#8217;t feel it will ever make her happy.
</simpleChoice>
<simpleChoice identifier="C" fixed="true">
Carla, who is in a relationship that is just &#8220;for now&#8221; while waiting for the love of her life.
</simpleChoice>
<simpleChoice identifier="D" fixed="true">
Carl, who tends to see the good in situations and always looks on the bright side of things.
</simpleChoice>
</choiceInteraction>
</itemBody>
<responseProcessing template="http://www.imsglobal.org/question/qti_v2p1/rptemplates/match_correct"/>
</assessmentItem>