<?xml version="1.0" encoding="UTF-8"?>
<assessmentItem identifier="Chapter14" title="Stress, Lifestyle, and Health" adaptive="false" timeDependent="false" 
  xmlns:xsi="http://www.w3.org/2001/XMLSchema-instance" 
  xmlns="http://www.imsglobal.org/xsd/imsqti_v2p1"
  xsi:schemaLocation="http://www.imsglobal.org/xsd/imsqti_v2p1 http://www.imsglobal.org/xsd/qti/qtiv2p1/imsqti_v2p1p1.xsd">
  <responseDeclaration identifier="RESPONSE" cardinality="single" baseType="string" />
    <outcomeDeclaration identifier="SCORE" cardinality="single" baseType="float" normalMaximum="1" normalMinimum="0"/>	<itemBody>
		<extendedTextInteraction format="plain" minStrings="1" responseIdentifier="RESPONSE">
			<prompt id="prompt">Define and give the three dimensions of burnout</prompt>
	</extendedTextInteraction>
	<p>Sample Answer: Burnout refers to a general sense of emotion and cynicism with regard to one&#8217;s job. The three dimensions are exhaustion, depersonalization, and diminished personal accomplishment.</p>
	</itemBody></assessmentItem>
	
	
	