<?xml version="1.0" encoding="UTF-8"?>
<assessmentItem identifier="Chapter14" title="Stress, Lifestyle, and Health" adaptive="false" timeDependent="false" 
  xmlns:xsi="http://www.w3.org/2001/XMLSchema-instance" 
  xmlns="http://www.imsglobal.org/xsd/imsqti_v2p1"
  xsi:schemaLocation="http://www.imsglobal.org/xsd/imsqti_v2p1 http://www.imsglobal.org/xsd/qti/qtiv2p1/imsqti_v2p1p1.xsd">
  <responseDeclaration identifier="RESPONSE" cardinality="single" baseType="string" />
    <outcomeDeclaration identifier="SCORE" cardinality="single" baseType="float" normalMaximum="1" normalMinimum="0"/>	<itemBody>
		<extendedTextInteraction format="plain" minStrings="1" responseIdentifier="RESPONSE">
			<prompt id="prompt">What are the four steps in the relaxation response technique?</prompt>
	</extendedTextInteraction>
	<p>Sample Answer: The relaxation response technique combines relaxation with transcendental meditation, and consists of four components: (1) sitting upright on a comfortable chair with feet on the ground and body in a relaxed position, (2) a quiet environment with eyes closed, (3) repeating a mantra, and (4) passively allowing the mind to focus on pleasant thoughts. This method works by reducing sympathetic arousal.</p>
	</itemBody></assessmentItem>
	
	
