<?xml version="1.0" encoding="UTF-8"?>
<assessmentItem identifier="Chapter2" title="Psychological Research" adaptive="false" timeDependent="false" 
  xmlns:xsi="http://www.w3.org/2001/XMLSchema-instance" 
  xmlns="http://www.imsglobal.org/xsd/imsqti_v2p1"
  xsi:schemaLocation="http://www.imsglobal.org/xsd/imsqti_v2p1 http://www.imsglobal.org/xsd/qti/qtiv2p1/imsqti_v2p1p1.xsd">
    <responseDeclaration identifier="RESPONSE" cardinality="single" baseType="identifier">
<correctResponse>
<value>D</value>
</correctResponse>
</responseDeclaration>
     <outcomeDeclaration identifier="SCORE" cardinality="single" baseType="float" normalMaximum="1" normalMinimum="0">
      <defaultValue>
        <value>0</value>
      </defaultValue>
    </outcomeDeclaration>
  	<itemBody>
	<choiceInteraction responseIdentifier="RESPONSE" shuffle="false" maxChoices="1" id="choicereduction">
		<prompt id="prompt">In order to assess whether viewpoints on decriminalization of marijuana for medical purposes change with age, four groups of participants, ages 20, 30, 40, and 50, are asked whether they support this issue. What is one flaw of this design?</prompt>
<simpleChoice identifier="A" fixed="true">
Longitudinal research is time consuming.
</simpleChoice>
<simpleChoice identifier="B" fixed="true">
Marijuana has already been decriminalized in some places.
</simpleChoice>
<simpleChoice identifier="C" fixed="true">
Recruitment could be a challenge because people of different ages are difficult to sample.
</simpleChoice>
<simpleChoice identifier="D" fixed="true">
Social or cultural factors may influence the results, not age.
</simpleChoice>
</choiceInteraction>
</itemBody>
<responseProcessing template="http://www.imsglobal.org/question/qti_v2p1/rptemplates/match_correct"/>
</assessmentItem>