<?xml version="1.0" encoding="UTF-8"?>
<assessmentItem identifier="Chapter2" title="Psychological Research" adaptive="false" timeDependent="false" 
  xmlns:xsi="http://www.w3.org/2001/XMLSchema-instance" 
  xmlns="http://www.imsglobal.org/xsd/imsqti_v2p1"
  xsi:schemaLocation="http://www.imsglobal.org/xsd/imsqti_v2p1 http://www.imsglobal.org/xsd/qti/qtiv2p1/imsqti_v2p1p1.xsd">
    <responseDeclaration identifier="RESPONSE" cardinality="single" baseType="identifier">
<correctResponse>
<value>D</value>
</correctResponse>
</responseDeclaration>
     <outcomeDeclaration identifier="SCORE" cardinality="single" baseType="float" normalMaximum="1" normalMinimum="0">
      <defaultValue>
        <value>0</value>
      </defaultValue>
    </outcomeDeclaration>
  	<itemBody>
	<choiceInteraction responseIdentifier="RESPONSE" shuffle="false" maxChoices="1" id="choicereduction">
		<prompt id="prompt">A group of researchers investigated the effects of two vocabulary learning strategies on word retention two weeks later. In this example, learning strategy is the &#95;&#95;&#95;&#95;&#95;&#95;&#95;&#95; variable and word retention is the &#95;&#95;&#95;&#95;&#95;&#95;&#95;&#95; variable. </prompt>
<simpleChoice identifier="A" fixed="true">
control; experimental
</simpleChoice>
<simpleChoice identifier="B" fixed="true">
dependent; independent
</simpleChoice>
<simpleChoice identifier="C" fixed="true">
experimental; control
</simpleChoice>
<simpleChoice identifier="D" fixed="true">
independent; dependent
</simpleChoice>
</choiceInteraction>
</itemBody>
<responseProcessing template="http://www.imsglobal.org/question/qti_v2p1/rptemplates/match_correct"/>
</assessmentItem>