<?xml version="1.0" encoding="UTF-8"?>
<assessmentItem identifier="Chapter2" title="Psychological Research" adaptive="false" timeDependent="false" 
  xmlns:xsi="http://www.w3.org/2001/XMLSchema-instance" 
  xmlns="http://www.imsglobal.org/xsd/imsqti_v2p1"
  xsi:schemaLocation="http://www.imsglobal.org/xsd/imsqti_v2p1 http://www.imsglobal.org/xsd/qti/qtiv2p1/imsqti_v2p1p1.xsd">
    <responseDeclaration identifier="RESPONSE" cardinality="single" baseType="identifier">
<correctResponse>
<value>B</value>
</correctResponse>
</responseDeclaration>
     <outcomeDeclaration identifier="SCORE" cardinality="single" baseType="float" normalMaximum="1" normalMinimum="0">
      <defaultValue>
        <value>0</value>
      </defaultValue>
    </outcomeDeclaration>
  	<itemBody>
	<choiceInteraction responseIdentifier="RESPONSE" shuffle="false" maxChoices="1" id="choicereduction">
		<prompt id="prompt">In a &#95;&#95;&#95;&#95;&#95;&#95;&#95;&#95; study, both the researchers and the participants are unaware of the group assignments. </prompt>
<simpleChoice identifier="A" fixed="true">
control
</simpleChoice>
<simpleChoice identifier="B" fixed="true">
double-blind
</simpleChoice>
<simpleChoice identifier="C" fixed="true">
pilot
</simpleChoice>
<simpleChoice identifier="D" fixed="true">
randomly assigned
</simpleChoice>
</choiceInteraction>
</itemBody>
<responseProcessing template="http://www.imsglobal.org/question/qti_v2p1/rptemplates/match_correct"/>
</assessmentItem>