<?xml version="1.0" encoding="UTF-8"?>
<assessmentItem identifier="Chapter2" title="Psychological Research" adaptive="false" timeDependent="false" 
  xmlns:xsi="http://www.w3.org/2001/XMLSchema-instance" 
  xmlns="http://www.imsglobal.org/xsd/imsqti_v2p1"
  xsi:schemaLocation="http://www.imsglobal.org/xsd/imsqti_v2p1 http://www.imsglobal.org/xsd/qti/qtiv2p1/imsqti_v2p1p1.xsd">
    <responseDeclaration identifier="RESPONSE" cardinality="single" baseType="identifier">
<correctResponse>
<value>D</value>
</correctResponse>
</responseDeclaration>
     <outcomeDeclaration identifier="SCORE" cardinality="single" baseType="float" normalMaximum="1" normalMinimum="0">
      <defaultValue>
        <value>0</value>
      </defaultValue>
    </outcomeDeclaration>
  	<itemBody>
	<choiceInteraction responseIdentifier="RESPONSE" shuffle="false" maxChoices="1" id="choicereduction">
		<prompt id="prompt">Professor Devine and her colleagues are interested in assessing whether active versus passive play causes a preference for sweet or salty foods in toddlers. They assign groups of children to either an active play, passive play, or no play group and record their food choices when presented with a variety of sweet and salty foods. In this study, &#95;&#95;&#95;&#95;&#95;&#95;&#95;&#95; is the independent variable and &#95;&#95;&#95;&#95;&#95;&#95;&#95;&#95; is the control group.</prompt>
<simpleChoice identifier="A" fixed="true">
active play; passive play
</simpleChoice>
<simpleChoice identifier="B" fixed="true">
food choice; no play
</simpleChoice>
<simpleChoice identifier="C" fixed="true">
no play; type of play
</simpleChoice>
<simpleChoice identifier="D" fixed="true">
type of play; no play
</simpleChoice>
</choiceInteraction>
</itemBody>
<responseProcessing template="http://www.imsglobal.org/question/qti_v2p1/rptemplates/match_correct"/>
</assessmentItem>