<?xml version="1.0" encoding="UTF-8"?>
<assessmentItem identifier="Chapter2" title="Psychological Research" adaptive="false" timeDependent="false" 
  xmlns:xsi="http://www.w3.org/2001/XMLSchema-instance" 
  xmlns="http://www.imsglobal.org/xsd/imsqti_v2p1"
  xsi:schemaLocation="http://www.imsglobal.org/xsd/imsqti_v2p1 http://www.imsglobal.org/xsd/qti/qtiv2p1/imsqti_v2p1p1.xsd">
    <responseDeclaration identifier="RESPONSE" cardinality="single" baseType="identifier">
<correctResponse>
<value>B</value>
</correctResponse>
</responseDeclaration>
     <outcomeDeclaration identifier="SCORE" cardinality="single" baseType="float" normalMaximum="1" normalMinimum="0">
      <defaultValue>
        <value>0</value>
      </defaultValue>
    </outcomeDeclaration>
  	<itemBody>
	<choiceInteraction responseIdentifier="RESPONSE" shuffle="false" maxChoices="1" id="choicereduction">
		<prompt id="prompt">An upper-level psychology class is conducting an experiment on racial prejudice that involves having participants rate the likeability of faces in a set of photos. However, they tell participants that the study is about the effects of aging on likeability. When participants are finished, they are thanked for their time and leave the experiment. In this example, the class forgot to &#95;&#95;&#95;&#95;&#95;&#95;&#95;&#95; in order to resolve the &#95;&#95;&#95;&#95;&#95;&#95;&#95;&#95; in the study.</prompt>
<simpleChoice identifier="A" fixed="true">
debrief participants; ageist attitudes
</simpleChoice>
<simpleChoice identifier="B" fixed="true">
debrief participants; deception
</simpleChoice>
<simpleChoice identifier="C" fixed="true">
pay participants; deception
</simpleChoice>
<simpleChoice identifier="D" fixed="true">
pay participants; use of personal photos
</simpleChoice>
</choiceInteraction>
</itemBody>
<responseProcessing template="http://www.imsglobal.org/question/qti_v2p1/rptemplates/match_correct"/>
</assessmentItem>