<?xml version="1.0" encoding="UTF-8"?>
<assessmentItem identifier="Chapter2" title="Psychological Research" adaptive="false" timeDependent="false" 
  xmlns:xsi="http://www.w3.org/2001/XMLSchema-instance" 
  xmlns="http://www.imsglobal.org/xsd/imsqti_v2p1"
  xsi:schemaLocation="http://www.imsglobal.org/xsd/imsqti_v2p1 http://www.imsglobal.org/xsd/qti/qtiv2p1/imsqti_v2p1p1.xsd">
    <responseDeclaration identifier="RESPONSE" cardinality="single" baseType="identifier">
<correctResponse>
<value>D</value>
</correctResponse>
</responseDeclaration>
     <outcomeDeclaration identifier="SCORE" cardinality="single" baseType="float" normalMaximum="1" normalMinimum="0">
      <defaultValue>
        <value>0</value>
      </defaultValue>
    </outcomeDeclaration>
  	<itemBody>
	<choiceInteraction responseIdentifier="RESPONSE" shuffle="false" maxChoices="1" id="choicereduction">
		<prompt id="prompt">Lesley, a sociology major, believes that money is the key to happiness. Her friend Stephen, a psychology major, believes that good health is the key to happiness. How might the two friends resolve their disagreement?</prompt>
<simpleChoice identifier="A" fixed="true">
They could ask their friends and see which perspective has the most support.
</simpleChoice>
<simpleChoice identifier="B" fixed="true">
They could conduct a study with students on their campus to see which perspective has the most support.
</simpleChoice>
<simpleChoice identifier="C" fixed="true">
They could research archives of newspapers, magazines, and other media to see if there are reports on the topic.
</simpleChoice>
<simpleChoice identifier="D" fixed="true">
They could research peer-reviewed articles to see if either perspective is supported.
</simpleChoice>
</choiceInteraction>
</itemBody>
<responseProcessing template="http://www.imsglobal.org/question/qti_v2p1/rptemplates/match_correct"/>
</assessmentItem>