<?xml version="1.0" encoding="UTF-8"?>
<assessmentItem identifier="Chapter2" title="Psychological Research" adaptive="false" timeDependent="false" 
  xmlns:xsi="http://www.w3.org/2001/XMLSchema-instance" 
  xmlns="http://www.imsglobal.org/xsd/imsqti_v2p1"
  xsi:schemaLocation="http://www.imsglobal.org/xsd/imsqti_v2p1 http://www.imsglobal.org/xsd/qti/qtiv2p1/imsqti_v2p1p1.xsd">
  
    <responseDeclaration identifier="RESPONSE" cardinality="single" baseType="string">
<correctResponse>
<value>generalize</value>
</correctResponse>
</responseDeclaration>  
   <outcomeDeclaration identifier="SCORE" cardinality="single" baseType="float" normalMaximum="1" normalMinimum="0">
      <defaultValue>
        <value>0</value>
      </defaultValue>
    </outcomeDeclaration>
  	<itemBody>
		<extendedTextInteraction format="plain" minStrings="1" responseIdentifier="RESPONSE">
			<prompt id="prompt">A major limitation of the case study method is the inability to &#95;&#95;&#95;&#95;&#95;&#95;&#95;&#95; its findings to other, similar situations or cases.</prompt>
	</extendedTextInteraction>
	</itemBody>
</assessmentItem>