<?xml version="1.0" encoding="UTF-8"?>
<assessmentItem identifier="Chapter2" title="Psychological Research" adaptive="false" timeDependent="false" 
  xmlns:xsi="http://www.w3.org/2001/XMLSchema-instance" 
  xmlns="http://www.imsglobal.org/xsd/imsqti_v2p1"
  xsi:schemaLocation="http://www.imsglobal.org/xsd/imsqti_v2p1 http://www.imsglobal.org/xsd/qti/qtiv2p1/imsqti_v2p1p1.xsd">
  
    <responseDeclaration identifier="RESPONSE" cardinality="single" baseType="string">
<correctResponse>
<value>When two variables are positively correlated they move in the same direction together: both either increasing or decreasing. When variables are negatively correlated they move in opposite directions: one increasing while the other is decreasing.</value>
</correctResponse>
</responseDeclaration>  
   <outcomeDeclaration identifier="SCORE" cardinality="single" baseType="float" normalMaximum="1" normalMinimum="0">
      <defaultValue>
        <value>0</value>
      </defaultValue>
    </outcomeDeclaration>
  	<itemBody>
		<extendedTextInteraction format="plain" minStrings="1" responseIdentifier="RESPONSE">
			<prompt id="prompt">What is the difference between a positive correlation and a negative correlation?</prompt>
	</extendedTextInteraction>
	</itemBody>
</assessmentItem>