<?xml version="1.0" encoding="UTF-8"?><assessmentItem identifier="Chapter13" title="Industrial-Organizational Psychology" adaptive="false" timeDependent="false" 
  xmlns:xsi="http://www.w3.org/2001/XMLSchema-instance" 
  xmlns="http://www.imsglobal.org/xsd/imsqti_v2p1"
  xsi:schemaLocation="http://www.imsglobal.org/xsd/imsqti_v2p1 http://www.imsglobal.org/xsd/qti/qtiv2p1/imsqti_v2p1p1.xsd">
    <responseDeclaration identifier="RESPONSE" cardinality="single" baseType="identifier">
<correctResponse>
<value>D</value>
</correctResponse>
</responseDeclaration>
     <outcomeDeclaration identifier="SCORE" cardinality="single" baseType="float" normalMaximum="1" normalMinimum="0">
      <defaultValue>
        <value>0</value>
      </defaultValue>
    </outcomeDeclaration>
  	<itemBody>
	<choiceInteraction responseIdentifier="RESPONSE" shuffle="false" maxChoices="1" id="choicereduction">
		<prompt id="prompt">An organizational psychologist studies such topics as &#95;&#95;&#95;&#95;&#95;&#95;&#95;&#95;.</prompt>
<simpleChoice identifier="A" fixed="true">
an applicant&#8217;s qualifications for a job
</simpleChoice>
<simpleChoice identifier="B" fixed="true">
the kind of mentality required to perform a job
</simpleChoice>
<simpleChoice identifier="C" fixed="true">
whether cubicles or an open floor plan are more conducive to productivity
</simpleChoice>
<simpleChoice identifier="D" fixed="true">
worker satisfaction, motivation, and commitment
</simpleChoice>
</choiceInteraction>
</itemBody>
<responseProcessing template="http://www.imsglobal.org/question/qti_v2p1/rptemplates/match_correct"/>
</assessmentItem>