<?xml version="1.0" encoding="UTF-8"?><assessmentItem identifier="Chapter13" title="Industrial-Organizational Psychology" adaptive="false" timeDependent="false" 
  xmlns:xsi="http://www.w3.org/2001/XMLSchema-instance" 
  xmlns="http://www.imsglobal.org/xsd/imsqti_v2p1"
  xsi:schemaLocation="http://www.imsglobal.org/xsd/imsqti_v2p1 http://www.imsglobal.org/xsd/qti/qtiv2p1/imsqti_v2p1p1.xsd">
    <responseDeclaration identifier="RESPONSE" cardinality="single" baseType="identifier">
<correctResponse>
<value>A</value>
</correctResponse>
</responseDeclaration>
     <outcomeDeclaration identifier="SCORE" cardinality="single" baseType="float" normalMaximum="1" normalMinimum="0">
      <defaultValue>
        <value>0</value>
      </defaultValue>
    </outcomeDeclaration>
  	<itemBody>
	<choiceInteraction responseIdentifier="RESPONSE" shuffle="false" maxChoices="1" id="choicereduction">
		<prompt id="prompt">Diana is assessing applicants for a pilot job at a regional airfield. She wrote the description of the ideal candidate, and now she is reviewing the personality profiles of the applicants to screen those who do not fit the profile. Diana is working in the specialty area of industrial&#8211;organizational psychology called &#95;&#95;&#95;&#95;&#95;&#95;&#95;&#95; psychology. </prompt>
<simpleChoice identifier="A" fixed="true">
industrial
</simpleChoice>
<simpleChoice identifier="B" fixed="true">
organizational
</simpleChoice>
<simpleChoice identifier="C" fixed="true">
personality
</simpleChoice>
<simpleChoice identifier="D" fixed="true">
worker
</simpleChoice>
</choiceInteraction>
</itemBody>
<responseProcessing template="http://www.imsglobal.org/question/qti_v2p1/rptemplates/match_correct"/>
</assessmentItem>