<?xml version="1.0" encoding="UTF-8"?><assessmentItem identifier="Chapter13" title="Industrial-Organizational Psychology" adaptive="false" timeDependent="false" 
  xmlns:xsi="http://www.w3.org/2001/XMLSchema-instance" 
  xmlns="http://www.imsglobal.org/xsd/imsqti_v2p1"
  xsi:schemaLocation="http://www.imsglobal.org/xsd/imsqti_v2p1 http://www.imsglobal.org/xsd/qti/qtiv2p1/imsqti_v2p1p1.xsd">
    <responseDeclaration identifier="RESPONSE" cardinality="single" baseType="identifier">
<correctResponse>
<value>A</value>
</correctResponse>
</responseDeclaration>
     <outcomeDeclaration identifier="SCORE" cardinality="single" baseType="float" normalMaximum="1" normalMinimum="0">
      <defaultValue>
        <value>0</value>
      </defaultValue>
    </outcomeDeclaration>
  	<itemBody>
	<choiceInteraction responseIdentifier="RESPONSE" shuffle="false" maxChoices="1" id="choicereduction">
		<prompt id="prompt">Which of the following exemplifies an advertisement that would reflect a task-oriented approach to job analysis?</prompt>
<simpleChoice identifier="A" fixed="true">
driver who can operate a forklift in small spaces, drive a cement-mixer, and handle explosive material
</simpleChoice>
<simpleChoice identifier="B" fixed="true">
experienced part-time nanny who loves energetic children
</simpleChoice>
<simpleChoice identifier="C" fixed="true">
motivated and ambitious person to earn money in the comfort of your own home
</simpleChoice>
<simpleChoice identifier="D" fixed="true">
pet sitter familiar with the feeding habits of reptiles and spiders
</simpleChoice>
</choiceInteraction>
</itemBody>
<responseProcessing template="http://www.imsglobal.org/question/qti_v2p1/rptemplates/match_correct"/>
</assessmentItem>