<?xml version="1.0" encoding="UTF-8"?><assessmentItem identifier="Chapter13" title="Industrial-Organizational Psychology" adaptive="false" timeDependent="false" 
  xmlns:xsi="http://www.w3.org/2001/XMLSchema-instance" 
  xmlns="http://www.imsglobal.org/xsd/imsqti_v2p1"
  xsi:schemaLocation="http://www.imsglobal.org/xsd/imsqti_v2p1 http://www.imsglobal.org/xsd/qti/qtiv2p1/imsqti_v2p1p1.xsd">
    <responseDeclaration identifier="RESPONSE" cardinality="single" baseType="identifier">
<correctResponse>
<value>D</value>
</correctResponse>
</responseDeclaration>
     <outcomeDeclaration identifier="SCORE" cardinality="single" baseType="float" normalMaximum="1" normalMinimum="0">
      <defaultValue>
        <value>0</value>
      </defaultValue>
    </outcomeDeclaration>
  	<itemBody>
	<choiceInteraction responseIdentifier="RESPONSE" shuffle="false" maxChoices="1" id="choicereduction">
		<prompt id="prompt">According to Edwin Locke, job &#95;&#95;&#95;&#95;&#95;&#95;&#95;&#95; is the state of feeling resulting from appraising one&#8217;s job experiences, and a more modern definition includes the extent to which a person enjoys their job.</prompt>
<simpleChoice identifier="A" fixed="true">
fulfillment
</simpleChoice>
<simpleChoice identifier="B" fixed="true">
gratification 
</simpleChoice>
<simpleChoice identifier="C" fixed="true">
happiness
</simpleChoice>
<simpleChoice identifier="D" fixed="true">
satisfaction
</simpleChoice>
</choiceInteraction>
</itemBody>
<responseProcessing template="http://www.imsglobal.org/question/qti_v2p1/rptemplates/match_correct"/>
</assessmentItem>