<?xml version="1.0" encoding="UTF-8"?><assessmentItem identifier="Chapter13" title="Industrial-Organizational Psychology" adaptive="false" timeDependent="false" 
  xmlns:xsi="http://www.w3.org/2001/XMLSchema-instance" 
  xmlns="http://www.imsglobal.org/xsd/imsqti_v2p1"
  xsi:schemaLocation="http://www.imsglobal.org/xsd/imsqti_v2p1 http://www.imsglobal.org/xsd/qti/qtiv2p1/imsqti_v2p1p1.xsd">
    <responseDeclaration identifier="RESPONSE" cardinality="single" baseType="identifier">
<correctResponse>
<value>C</value>
</correctResponse>
</responseDeclaration>
     <outcomeDeclaration identifier="SCORE" cardinality="single" baseType="float" normalMaximum="1" normalMinimum="0">
      <defaultValue>
        <value>0</value>
      </defaultValue>
    </outcomeDeclaration>
  	<itemBody>
	<choiceInteraction responseIdentifier="RESPONSE" shuffle="false" maxChoices="1" id="choicereduction">
		<prompt id="prompt">Lucia is optimistic about goal achievement, and she encourages her team to think critically and solve problems. She is also considerate of their needs. What type of leader is Lucia?</prompt>
<simpleChoice identifier="A" fixed="true">
scientific 
</simpleChoice>
<simpleChoice identifier="B" fixed="true">
transactional
</simpleChoice>
<simpleChoice identifier="C" fixed="true">
transformational
</simpleChoice>
<simpleChoice identifier="D" fixed="true">
X&#8211;Y
</simpleChoice>
</choiceInteraction>
</itemBody>
<responseProcessing template="http://www.imsglobal.org/question/qti_v2p1/rptemplates/match_correct"/>
</assessmentItem>