<?xml version="1.0" encoding="UTF-8"?><assessmentItem identifier="Chapter13" title="Industrial-Organizational Psychology" adaptive="false" timeDependent="false" 
  xmlns:xsi="http://www.w3.org/2001/XMLSchema-instance" 
  xmlns="http://www.imsglobal.org/xsd/imsqti_v2p1"
  xsi:schemaLocation="http://www.imsglobal.org/xsd/imsqti_v2p1 http://www.imsglobal.org/xsd/qti/qtiv2p1/imsqti_v2p1p1.xsd">
    <responseDeclaration identifier="RESPONSE" cardinality="single" baseType="identifier">
<correctResponse>
<value>D</value>
</correctResponse>
</responseDeclaration>
     <outcomeDeclaration identifier="SCORE" cardinality="single" baseType="float" normalMaximum="1" normalMinimum="0">
      <defaultValue>
        <value>0</value>
      </defaultValue>
    </outcomeDeclaration>
  	<itemBody>
	<choiceInteraction responseIdentifier="RESPONSE" shuffle="false" maxChoices="1" id="choicereduction">
		<prompt id="prompt">Dr. Diop is the head of an academic department in a school whose teachers have all been told to teach from home for the next month. She gets them all to have weekly check-ins using web-conferencing software so that they can meet while they&#8217;re all at home. This is an example of a &#95;&#95;&#95;&#95;&#95;&#95;&#95;&#95; team.</prompt>
<simpleChoice identifier="A" fixed="true">
applied
</simpleChoice>
<simpleChoice identifier="B" fixed="true">
problem-resolution
</simpleChoice>
<simpleChoice identifier="C" fixed="true">
tactical
</simpleChoice>
<simpleChoice identifier="D" fixed="true">
virtual
</simpleChoice>
</choiceInteraction>
</itemBody>
<responseProcessing template="http://www.imsglobal.org/question/qti_v2p1/rptemplates/match_correct"/>
</assessmentItem>