<?xml version="1.0" encoding="UTF-8"?><assessmentItem identifier="Chapter13" title="Industrial-Organizational Psychology" adaptive="false" timeDependent="false" 
  xmlns:xsi="http://www.w3.org/2001/XMLSchema-instance" 
  xmlns="http://www.imsglobal.org/xsd/imsqti_v2p1"
  xsi:schemaLocation="http://www.imsglobal.org/xsd/imsqti_v2p1 http://www.imsglobal.org/xsd/qti/qtiv2p1/imsqti_v2p1p1.xsd">
    <responseDeclaration identifier="RESPONSE" cardinality="single" baseType="identifier">
<correctResponse>
<value>B</value>
</correctResponse>
</responseDeclaration>
     <outcomeDeclaration identifier="SCORE" cardinality="single" baseType="float" normalMaximum="1" normalMinimum="0">
      <defaultValue>
        <value>0</value>
      </defaultValue>
    </outcomeDeclaration>
  	<itemBody>
	<choiceInteraction responseIdentifier="RESPONSE" shuffle="false" maxChoices="1" id="choicereduction">
		<prompt id="prompt">Rosetta is a master electrician. Often, she is the only woman at the construction site. Her male coworkers frequently make sexual comments about her appearance and tape explicit pictures of women up at the worksite. She complains to the site manager, but he tells her to toughen up. What form of sexual harassment does this represent?</prompt>
<simpleChoice identifier="A" fixed="true">
career
</simpleChoice>
<simpleChoice identifier="B" fixed="true">
hostile environment
</simpleChoice>
<simpleChoice identifier="C" fixed="true">
quid pro quo
</simpleChoice>
<simpleChoice identifier="D" fixed="true">
withholding a reward
</simpleChoice>
</choiceInteraction>
</itemBody>
<responseProcessing template="http://www.imsglobal.org/question/qti_v2p1/rptemplates/match_correct"/>
</assessmentItem>