<?xml version="1.0" encoding="UTF-8"?><assessmentItem identifier="Chapter13" title="Industrial-Organizational Psychology" adaptive="false" timeDependent="false" 
  xmlns:xsi="http://www.w3.org/2001/XMLSchema-instance" 
  xmlns="http://www.imsglobal.org/xsd/imsqti_v2p1"
  xsi:schemaLocation="http://www.imsglobal.org/xsd/imsqti_v2p1 http://www.imsglobal.org/xsd/qti/qtiv2p1/imsqti_v2p1p1.xsd">
  <responseDeclaration identifier="RESPONSE" cardinality="single" baseType="string" />
    <outcomeDeclaration identifier="SCORE" cardinality="single" baseType="float" normalMaximum="1" normalMinimum="0"/>	<itemBody>
		<extendedTextInteraction format="plain" minStrings="1" responseIdentifier="RESPONSE">
			<prompt id="prompt">What is the 360-degree feedback appraisal and what is it used for?</prompt>
	</extendedTextInteraction>
	<p>Sample Answer: In this system, the employee&#8217;s appraisal derives from a combination of ratings from supervisors, peers, supervisees, and from the employee herself. Occasionally, outside observers may be used as well, such as customers. The purpose of 360-degree feedback appraisal is to give the employee (who may be a manager) and supervisor different perspectives of the employee&#8217;s job performance. This system should help the employee make improvements through her own efforts or through training. This system is also used in a traditional performance-appraisal context, providing the supervisor with more information to help make decisions about the employee&#8217;s position and compensation.</p>
	</itemBody></assessmentItem>