<?xml version="1.0" encoding="UTF-8"?>
<assessmentItem identifier="Chapter13" title="Industrial-Organizational Psychology" adaptive="false" timeDependent="false" 
  xmlns:xsi="http://www.w3.org/2001/XMLSchema-instance" 
  xmlns="http://www.imsglobal.org/xsd/imsqti_v2p1"
  xsi:schemaLocation="http://www.imsglobal.org/xsd/imsqti_v2p1 http://www.imsglobal.org/xsd/qti/qtiv2p1/imsqti_v2p1p1.xsd">
  <responseDeclaration identifier="RESPONSE" cardinality="single" baseType="string" />
    <outcomeDeclaration identifier="SCORE" cardinality="single" baseType="float" normalMaximum="1" normalMinimum="0"/>	<itemBody>
		<extendedTextInteraction format="plain" minStrings="1" responseIdentifier="RESPONSE">
			<prompt id="prompt">Discuss 2 issues with using performance evaluations.</prompt>
	</extendedTextInteraction>
	<p>Sample Answer: Many performance evaluations are disliked by organizations, employees, or both. Few of them have been adequately tested to see if they do in fact improve performance or motivate employees. Another issue with performance evaluations is that performance appraisal systems are often used incorrectly or are of an inappropriate type for an organization&#8217;s particular culture.</p>
	</itemBody></assessmentItem>
	
	
	