<?xml version="1.0" encoding="UTF-8"?><assessmentItem identifier="Chapter13" title="Industrial-Organizational Psychology" adaptive="false" timeDependent="false" 
  xmlns:xsi="http://www.w3.org/2001/XMLSchema-instance" 
  xmlns="http://www.imsglobal.org/xsd/imsqti_v2p1"
  xsi:schemaLocation="http://www.imsglobal.org/xsd/imsqti_v2p1 http://www.imsglobal.org/xsd/qti/qtiv2p1/imsqti_v2p1p1.xsd">
    <responseDeclaration identifier="RESPONSE" cardinality="single" baseType="identifier">
<correctResponse>
<value>D</value>
</correctResponse>
</responseDeclaration>
     <outcomeDeclaration identifier="SCORE" cardinality="single" baseType="float" normalMaximum="1" normalMinimum="0">
      <defaultValue>
        <value>0</value>
      </defaultValue>
    </outcomeDeclaration>
  	<itemBody>
	<choiceInteraction responseIdentifier="RESPONSE" shuffle="false" maxChoices="1" id="choicereduction">
		<prompt id="prompt">What area are human factors psychologists researching when they study what steps people take to successfully wash their hands before performing surgery?</prompt>
<simpleChoice identifier="A" fixed="true">
attention
</simpleChoice>
<simpleChoice identifier="B" fixed="true">
cognitive engineering
</simpleChoice>
<simpleChoice identifier="C" fixed="true">
cognitive task analysis
</simpleChoice>
<simpleChoice identifier="D" fixed="true">
task analysis
</simpleChoice>
</choiceInteraction>
</itemBody>
<responseProcessing template="http://www.imsglobal.org/question/qti_v2p1/rptemplates/match_correct"/>
</assessmentItem>