<?xml version="1.0" encoding="UTF-8"?>
<assessmentItem identifier="Chapter8" title="Memory" adaptive="false" timeDependent="false" 
  xmlns:xsi="http://www.w3.org/2001/XMLSchema-instance" 
  xmlns="http://www.imsglobal.org/xsd/imsqti_v2p1"
  xsi:schemaLocation="http://www.imsglobal.org/xsd/imsqti_v2p1 http://www.imsglobal.org/xsd/qti/qtiv2p1/imsqti_v2p1p1.xsd">
    <responseDeclaration identifier="RESPONSE" cardinality="single" baseType="identifier">
<correctResponse>
<value>B</value>
</correctResponse>
</responseDeclaration>
     <outcomeDeclaration identifier="SCORE" cardinality="single" baseType="float" normalMaximum="1" normalMinimum="0">
      <defaultValue>
        <value>0</value>
      </defaultValue>
    </outcomeDeclaration>
  	<itemBody>
	<choiceInteraction responseIdentifier="RESPONSE" shuffle="false" maxChoices="1" id="choicereduction">
		<prompt id="prompt">What is the main idea of levels of processing theory?</prompt>
<simpleChoice identifier="A" fixed="true">
Aerobic exercise promotes neurogenesis.
</simpleChoice>
<simpleChoice identifier="B" fixed="true">
If you want to remember a piece of information, you should think about it more deeply and link it to other information and memories to make it more meaningful.
</simpleChoice>
<simpleChoice identifier="C" fixed="true">
In order to remember information, you should build a web of retrieval cues to help you access material when you want to remember it.
</simpleChoice>
<simpleChoice identifier="D" fixed="true">
Overlearning can help prevent storage decay.
</simpleChoice>
</choiceInteraction>
</itemBody>
<responseProcessing template="http://www.imsglobal.org/question/qti_v2p1/rptemplates/match_correct"/>
</assessmentItem>