<?xml version="1.0" encoding="UTF-8"?>
<assessmentItem identifier="Chapter8" title="Memory" adaptive="false" timeDependent="false" 
  xmlns:xsi="http://www.w3.org/2001/XMLSchema-instance" 
  xmlns="http://www.imsglobal.org/xsd/imsqti_v2p1"
  xsi:schemaLocation="http://www.imsglobal.org/xsd/imsqti_v2p1 http://www.imsglobal.org/xsd/qti/qtiv2p1/imsqti_v2p1p1.xsd">
    <responseDeclaration identifier="RESPONSE" cardinality="single" baseType="identifier">
<correctResponse>
<value>D</value>
</correctResponse>
</responseDeclaration>
     <outcomeDeclaration identifier="SCORE" cardinality="single" baseType="float" normalMaximum="1" normalMinimum="0">
      <defaultValue>
        <value>0</value>
      </defaultValue>
    </outcomeDeclaration>
  	<itemBody>
	<choiceInteraction responseIdentifier="RESPONSE" shuffle="false" maxChoices="1" id="choicereduction">
		<prompt id="prompt">Kenethia enjoys knitting. When she begins college, she has less time for knitting and finally stops altogether. After graduation, she wants to knit again, so she practices with her needles until she is good at it again. This is an example of &#95;&#95;&#95;&#95;&#95;&#95;&#95;&#95;, a means of retrieving information out of your long-term memory storage system.</prompt>
<simpleChoice identifier="A" fixed="true">
recognition
</simpleChoice>
<simpleChoice identifier="B" fixed="true">
recall
</simpleChoice>
<simpleChoice identifier="C" fixed="true">
an engram
</simpleChoice>
<simpleChoice identifier="D" fixed="true">
relearning
</simpleChoice>
</choiceInteraction>
</itemBody>
<responseProcessing template="http://www.imsglobal.org/question/qti_v2p1/rptemplates/match_correct"/>
</assessmentItem>