<?xml version="1.0" encoding="UTF-8"?>
<assessmentItem identifier="Chapter8" title="Memory" adaptive="false" timeDependent="false" 
  xmlns:xsi="http://www.w3.org/2001/XMLSchema-instance" 
  xmlns="http://www.imsglobal.org/xsd/imsqti_v2p1"
  xsi:schemaLocation="http://www.imsglobal.org/xsd/imsqti_v2p1 http://www.imsglobal.org/xsd/qti/qtiv2p1/imsqti_v2p1p1.xsd">
    <responseDeclaration identifier="RESPONSE" cardinality="single" baseType="identifier">
<correctResponse>
<value>A</value>
</correctResponse>
</responseDeclaration>
     <outcomeDeclaration identifier="SCORE" cardinality="single" baseType="float" normalMaximum="1" normalMinimum="0">
      <defaultValue>
        <value>0</value>
      </defaultValue>
    </outcomeDeclaration>
  	<itemBody>
	<choiceInteraction responseIdentifier="RESPONSE" shuffle="false" maxChoices="1" id="choicereduction">
		<prompt id="prompt">If I am looking at a snake and processing the fear caused by the snake, what part of my brain am I using?</prompt>
<simpleChoice identifier="A" fixed="true">
amygdala
</simpleChoice>
<simpleChoice identifier="B" fixed="true">
cerebellum
</simpleChoice>
<simpleChoice identifier="C" fixed="true">
hippocampus
</simpleChoice>
<simpleChoice identifier="D" fixed="true">
prefrontal cortex
</simpleChoice>
</choiceInteraction>
</itemBody>
<responseProcessing template="http://www.imsglobal.org/question/qti_v2p1/rptemplates/match_correct"/>
</assessmentItem>