<?xml version="1.0" encoding="UTF-8"?>
<assessmentItem identifier="Chapter8" title="Memory" adaptive="false" timeDependent="false" 
  xmlns:xsi="http://www.w3.org/2001/XMLSchema-instance" 
  xmlns="http://www.imsglobal.org/xsd/imsqti_v2p1"
  xsi:schemaLocation="http://www.imsglobal.org/xsd/imsqti_v2p1 http://www.imsglobal.org/xsd/qti/qtiv2p1/imsqti_v2p1p1.xsd">
    <responseDeclaration identifier="RESPONSE" cardinality="single" baseType="identifier">
<correctResponse>
<value>A</value>
</correctResponse>
</responseDeclaration>
     <outcomeDeclaration identifier="SCORE" cardinality="single" baseType="float" normalMaximum="1" normalMinimum="0">
      <defaultValue>
        <value>0</value>
      </defaultValue>
    </outcomeDeclaration>
  	<itemBody>
	<choiceInteraction responseIdentifier="RESPONSE" shuffle="false" maxChoices="1" id="choicereduction">
		<prompt id="prompt">How is an explicit memory different from an implicit memory?</prompt>
<simpleChoice identifier="A" fixed="true">
Explicit memories are memories we consciously try to remember and recall, while implicit memories are those that are not part of our consciousness.
</simpleChoice>
<simpleChoice identifier="B" fixed="true">
Explicit memories are memories we have directly experienced, while implicit memories are memories that someone else directly experienced.
</simpleChoice>
<simpleChoice identifier="C" fixed="true">
Explicit memories are memories we unconsciously remember, while implicit memories are those that we consciously remember.
</simpleChoice>
<simpleChoice identifier="D" fixed="true">
Implicit memories are memories we consciously try to remember and recall, while explicit memories are those that are not part of our consciousness.
</simpleChoice>
</choiceInteraction>
</itemBody>
<responseProcessing template="http://www.imsglobal.org/question/qti_v2p1/rptemplates/match_correct"/>
</assessmentItem>