<?xml version="1.0" encoding="UTF-8"?>
<assessmentItem identifier="Chapter8" title="Memory" adaptive="false" timeDependent="false" 
  xmlns:xsi="http://www.w3.org/2001/XMLSchema-instance" 
  xmlns="http://www.imsglobal.org/xsd/imsqti_v2p1"
  xsi:schemaLocation="http://www.imsglobal.org/xsd/imsqti_v2p1 http://www.imsglobal.org/xsd/qti/qtiv2p1/imsqti_v2p1p1.xsd">
    <responseDeclaration identifier="RESPONSE" cardinality="single" baseType="identifier">
<correctResponse>
<value>B</value>
</correctResponse>
</responseDeclaration>
     <outcomeDeclaration identifier="SCORE" cardinality="single" baseType="float" normalMaximum="1" normalMinimum="0">
      <defaultValue>
        <value>0</value>
      </defaultValue>
    </outcomeDeclaration>
  	<itemBody>
	<choiceInteraction responseIdentifier="RESPONSE" shuffle="false" maxChoices="1" id="choicereduction">
		<prompt id="prompt">Your memory of how to ride a bicycle is probably something that you don&#8217;t actively think about while you&#8217;re riding. You just sort of &#8220;do it&#8221; without thinking of how you do it. This is an example of a(n) &#95;&#95;&#95;&#95;&#95;&#95;&#95;&#95; memory.</prompt>
<simpleChoice identifier="A" fixed="true">
explicit
</simpleChoice>
<simpleChoice identifier="B" fixed="true">
implicit
</simpleChoice>
<simpleChoice identifier="C" fixed="true">
semantic
</simpleChoice>
<simpleChoice identifier="D" fixed="true">
sensory
</simpleChoice>
</choiceInteraction>
</itemBody>
<responseProcessing template="http://www.imsglobal.org/question/qti_v2p1/rptemplates/match_correct"/>
</assessmentItem>