<?xml version="1.0" encoding="UTF-8"?>
<assessmentItem identifier="Chapter8" title="Memory" adaptive="false" timeDependent="false" 
  xmlns:xsi="http://www.w3.org/2001/XMLSchema-instance" 
  xmlns="http://www.imsglobal.org/xsd/imsqti_v2p1"
  xsi:schemaLocation="http://www.imsglobal.org/xsd/imsqti_v2p1 http://www.imsglobal.org/xsd/qti/qtiv2p1/imsqti_v2p1p1.xsd">
    <responseDeclaration identifier="RESPONSE" cardinality="single" baseType="identifier">
<correctResponse>
<value>B</value>
</correctResponse>
</responseDeclaration>
     <outcomeDeclaration identifier="SCORE" cardinality="single" baseType="float" normalMaximum="1" normalMinimum="0">
      <defaultValue>
        <value>0</value>
      </defaultValue>
    </outcomeDeclaration>
  	<itemBody>
	<choiceInteraction responseIdentifier="RESPONSE" shuffle="false" maxChoices="1" id="choicereduction">
		<prompt id="prompt">Dozens of people witness a purse snatching. One of the eyewitnesses loudly yells &#8220;the man with the blue shirt did it.&#8221; Later, when questioned by police, several other eyewitnesses remember the purse snatcher wearing a blue shirt, even though the purse snatcher was a woman in flowered dress. This is an example of &#95;&#95;&#95;&#95;&#95;&#95;&#95;&#95;, or the effects of misinformation from external sources that leads to the creation of false memories.</prompt>
<simpleChoice identifier="A" fixed="true">
transience
</simpleChoice>
<simpleChoice identifier="B" fixed="true">
suggestibility
</simpleChoice>
<simpleChoice identifier="C" fixed="true">
recognition
</simpleChoice>
<simpleChoice identifier="D" fixed="true">
decay
</simpleChoice>
</choiceInteraction>
</itemBody>
<responseProcessing template="http://www.imsglobal.org/question/qti_v2p1/rptemplates/match_correct"/>
</assessmentItem>