<?xml version="1.0" encoding="UTF-8"?>
<assessmentItem identifier="Chapter8" title="Memory" adaptive="false" timeDependent="false" 
  xmlns:xsi="http://www.w3.org/2001/XMLSchema-instance" 
  xmlns="http://www.imsglobal.org/xsd/imsqti_v2p1"
  xsi:schemaLocation="http://www.imsglobal.org/xsd/imsqti_v2p1 http://www.imsglobal.org/xsd/qti/qtiv2p1/imsqti_v2p1p1.xsd">
    <responseDeclaration identifier="RESPONSE" cardinality="single" baseType="identifier">
<correctResponse>
<value>C</value>
</correctResponse>
</responseDeclaration>
     <outcomeDeclaration identifier="SCORE" cardinality="single" baseType="float" normalMaximum="1" normalMinimum="0">
      <defaultValue>
        <value>0</value>
      </defaultValue>
    </outcomeDeclaration>
  	<itemBody>
	<choiceInteraction responseIdentifier="RESPONSE" shuffle="false" maxChoices="1" id="choicereduction">
		<prompt id="prompt">What was the overall result of Lashley&#8217;s research that sought out the engram of human memory?</prompt>
<simpleChoice identifier="A" fixed="true">
He identified an engram in the frontal lobes of the cerebral cortex.
</simpleChoice>
<simpleChoice identifier="B" fixed="true">
He observed that the engram exists in childhood but disappears when it is no longer needed.
</simpleChoice>
<simpleChoice identifier="C" fixed="true">
He found no evidence that an engram actual exists.
</simpleChoice>
<simpleChoice identifier="D" fixed="true">
He located the engram across the structures of the limbic system.
</simpleChoice>
</choiceInteraction>
</itemBody>
<responseProcessing template="http://www.imsglobal.org/question/qti_v2p1/rptemplates/match_correct"/>
</assessmentItem>