<?xml version="1.0" encoding="UTF-8"?>
<assessmentItem identifier="Chapter8" title="Memory" adaptive="false" timeDependent="false" 
  xmlns:xsi="http://www.w3.org/2001/XMLSchema-instance" 
  xmlns="http://www.imsglobal.org/xsd/imsqti_v2p1"
  xsi:schemaLocation="http://www.imsglobal.org/xsd/imsqti_v2p1 http://www.imsglobal.org/xsd/qti/qtiv2p1/imsqti_v2p1p1.xsd">
    <responseDeclaration identifier="RESPONSE" cardinality="single" baseType="identifier">
<correctResponse>
<value>B</value>
</correctResponse>
</responseDeclaration>
     <outcomeDeclaration identifier="SCORE" cardinality="single" baseType="float" normalMaximum="1" normalMinimum="0">
      <defaultValue>
        <value>0</value>
      </defaultValue>
    </outcomeDeclaration>
  	<itemBody>
	<choiceInteraction responseIdentifier="RESPONSE" shuffle="false" maxChoices="1" id="choicereduction">
		<prompt id="prompt">A public opinion poll was administered to 50 people before the election of President Barack Obama. Polls taken before election night showed 50&#37; of the people polled believed Barack Obama would be elected president. After the election results, the same people were asked if they believed Barack Obama would be elected president, and this time 75&#37; of the people said yes. This may be an example of &#95;&#95;&#95;&#95;&#95;&#95;&#95;&#95; bias.</prompt>
<simpleChoice identifier="A" fixed="true">
egocentric
</simpleChoice>
<simpleChoice identifier="B" fixed="true">
hindsight
</simpleChoice>
<simpleChoice identifier="C" fixed="true">
stereotypical
</simpleChoice>
<simpleChoice identifier="D" fixed="true">
transient
</simpleChoice>
</choiceInteraction>
</itemBody>
<responseProcessing template="http://www.imsglobal.org/question/qti_v2p1/rptemplates/match_correct"/>
</assessmentItem>