<?xml version="1.0" encoding="UTF-8"?>
<assessmentItem identifier="Chapter8" title="Memory" adaptive="false" timeDependent="false" 
  xmlns:xsi="http://www.w3.org/2001/XMLSchema-instance" 
  xmlns="http://www.imsglobal.org/xsd/imsqti_v2p1"
  xsi:schemaLocation="http://www.imsglobal.org/xsd/imsqti_v2p1 http://www.imsglobal.org/xsd/qti/qtiv2p1/imsqti_v2p1p1.xsd">
    <responseDeclaration identifier="RESPONSE" cardinality="single" baseType="identifier">
<correctResponse>
<value>A</value>
</correctResponse>
</responseDeclaration>
     <outcomeDeclaration identifier="SCORE" cardinality="single" baseType="float" normalMaximum="1" normalMinimum="0">
      <defaultValue>
        <value>0</value>
      </defaultValue>
    </outcomeDeclaration>
  	<itemBody>
	<choiceInteraction responseIdentifier="RESPONSE" shuffle="false" maxChoices="1" id="choicereduction">
		<prompt id="prompt">What does the equipotentiality hypothesis suggest would happen if the hippocampus was damaged?</prompt>
<simpleChoice identifier="A" fixed="true">
another part of the brain would compensate for the damage by taking over the memory function normally managed by the hippocampus
</simpleChoice>
<simpleChoice identifier="B" fixed="true">
areas near the hippocampus would decay, followed by a cascading failure of the brain leading to death
</simpleChoice>
<simpleChoice identifier="C" fixed="true">
people would become comatose
</simpleChoice>
<simpleChoice identifier="D" fixed="true">
people would lose their ability to feel fear
</simpleChoice>
</choiceInteraction>
</itemBody>
<responseProcessing template="http://www.imsglobal.org/question/qti_v2p1/rptemplates/match_correct"/>
</assessmentItem>