<?xml version="1.0" encoding="UTF-8"?>
<assessmentItem identifier="Chapter8" title="Memory" adaptive="false" timeDependent="false" 
  xmlns:xsi="http://www.w3.org/2001/XMLSchema-instance" 
  xmlns="http://www.imsglobal.org/xsd/imsqti_v2p1"
  xsi:schemaLocation="http://www.imsglobal.org/xsd/imsqti_v2p1 http://www.imsglobal.org/xsd/qti/qtiv2p1/imsqti_v2p1p1.xsd">
    <responseDeclaration identifier="RESPONSE" cardinality="single" baseType="identifier">
<correctResponse>
<value>C</value>
</correctResponse>
</responseDeclaration>
     <outcomeDeclaration identifier="SCORE" cardinality="single" baseType="float" normalMaximum="1" normalMinimum="0">
      <defaultValue>
        <value>0</value>
      </defaultValue>
    </outcomeDeclaration>
  	<itemBody>
	<choiceInteraction responseIdentifier="RESPONSE" shuffle="false" maxChoices="1" id="choicereduction">
		<prompt id="prompt">Which of the following is <em>not </em>a way you can use what you know about memory to help you remember the names of all 50 states?</prompt>
<simpleChoice identifier="A" fixed="true">
memorize five states at a time&#8212;group the information into a more manageable size
</simpleChoice>
<simpleChoice identifier="B" fixed="true">
sing the names of the 50 states to the tune of &#8220;Happy Birthday&#8221;
</simpleChoice>
<simpleChoice identifier="C" fixed="true">
stay up the night before your exam to maximize the amount of time you have to study
</simpleChoice>
<simpleChoice identifier="D" fixed="true">
think of something you might do in each state if you were on a vacation in that state
</simpleChoice>
</choiceInteraction>
</itemBody>
<responseProcessing template="http://www.imsglobal.org/question/qti_v2p1/rptemplates/match_correct"/>
</assessmentItem>