<?xml version="1.0" encoding="UTF-8"?>
<assessmentItem identifier="Chapter8" title="Memory" adaptive="false" timeDependent="false" 
  xmlns:xsi="http://www.w3.org/2001/XMLSchema-instance" 
  xmlns="http://www.imsglobal.org/xsd/imsqti_v2p1"
  xsi:schemaLocation="http://www.imsglobal.org/xsd/imsqti_v2p1 http://www.imsglobal.org/xsd/qti/qtiv2p1/imsqti_v2p1p1.xsd">
    <responseDeclaration identifier="RESPONSE" cardinality="single" baseType="identifier">
<correctResponse>
<value>D</value>
</correctResponse>
</responseDeclaration>
     <outcomeDeclaration identifier="SCORE" cardinality="single" baseType="float" normalMaximum="1" normalMinimum="0">
      <defaultValue>
        <value>0</value>
      </defaultValue>
    </outcomeDeclaration>
  	<itemBody>
	<choiceInteraction responseIdentifier="RESPONSE" shuffle="false" maxChoices="1" id="choicereduction">
		<prompt id="prompt">Elaine wakes up in the hospital with a head injury. She gets to know her doctors and nurses over time, but it soon becomes clear that she has no memories from before she woke up in the hospital. Elaine has &#95;&#95;&#95;&#95;&#95;&#95;&#95;&#95; amnesia.</prompt>
<simpleChoice identifier="A" fixed="true">
anterograde
</simpleChoice>
<simpleChoice identifier="B" fixed="true">
flashbulb
</simpleChoice>
<simpleChoice identifier="C" fixed="true">
graduated
</simpleChoice>
<simpleChoice identifier="D" fixed="true">
retrograde
</simpleChoice>
</choiceInteraction>
</itemBody>
<responseProcessing template="http://www.imsglobal.org/question/qti_v2p1/rptemplates/match_correct"/>
</assessmentItem>