<?xml version="1.0" encoding="UTF-8"?>
<assessmentItem identifier="Chapter8" title="Memory" adaptive="false" timeDependent="false" 
  xmlns:xsi="http://www.w3.org/2001/XMLSchema-instance" 
  xmlns="http://www.imsglobal.org/xsd/imsqti_v2p1"
  xsi:schemaLocation="http://www.imsglobal.org/xsd/imsqti_v2p1 http://www.imsglobal.org/xsd/qti/qtiv2p1/imsqti_v2p1p1.xsd">
    <responseDeclaration identifier="RESPONSE" cardinality="single" baseType="identifier">
<correctResponse>
<value>D</value>
</correctResponse>
</responseDeclaration>
     <outcomeDeclaration identifier="SCORE" cardinality="single" baseType="float" normalMaximum="1" normalMinimum="0">
      <defaultValue>
        <value>0</value>
      </defaultValue>
    </outcomeDeclaration>
  	<itemBody>
	<choiceInteraction responseIdentifier="RESPONSE" shuffle="false" maxChoices="1" id="choicereduction">
		<prompt id="prompt">Which of the following is an example of a mnemonic device?</prompt>
<simpleChoice identifier="A" fixed="true">
dividing your telephone number into groups of numbers to remember it easier
</simpleChoice>
<simpleChoice identifier="B" fixed="true">
drinking coffee when you study for your math exam, then drinking coffee at your exam to reproduce the mental state you had when you studied
</simpleChoice>
<simpleChoice identifier="C" fixed="true">
using a biofeedback machine to track your alpha waves during an exam
</simpleChoice>
<simpleChoice identifier="D" fixed="true">
using the acronym &#8220;HOMES&#8221; to remember the names of the five Great Lakes
</simpleChoice>
</choiceInteraction>
</itemBody>
<responseProcessing template="http://www.imsglobal.org/question/qti_v2p1/rptemplates/match_correct"/>
</assessmentItem>