<?xml version="1.0" encoding="UTF-8"?>
<assessmentItem identifier="Chapter8" title="Memory" adaptive="false" timeDependent="false" 
  xmlns:xsi="http://www.w3.org/2001/XMLSchema-instance" 
  xmlns="http://www.imsglobal.org/xsd/imsqti_v2p1"
  xsi:schemaLocation="http://www.imsglobal.org/xsd/imsqti_v2p1 http://www.imsglobal.org/xsd/qti/qtiv2p1/imsqti_v2p1p1.xsd">
    <responseDeclaration identifier="RESPONSE" cardinality="single" baseType="identifier">
<correctResponse>
<value>D</value>
</correctResponse>
</responseDeclaration>
     <outcomeDeclaration identifier="SCORE" cardinality="single" baseType="float" normalMaximum="1" normalMinimum="0">
      <defaultValue>
        <value>0</value>
      </defaultValue>
    </outcomeDeclaration>
  	<itemBody>
	<choiceInteraction responseIdentifier="RESPONSE" shuffle="false" maxChoices="1" id="choicereduction">
		<prompt id="prompt">Barney used to live in Pittsburgh, and his telephone number started with the area code 412. Now he has moved to Baltimore, and his new telephone number has an area code of 410. Barney remembers his new area code by connecting it to the old one and just &#8220;subtracting two.&#8221; This is an example of &#95;&#95;&#95;&#95;&#95;&#95;&#95;&#95; rehearsal.</prompt>
<simpleChoice identifier="A" fixed="true">
maintenance
</simpleChoice>
<simpleChoice identifier="B" fixed="true">
massed
</simpleChoice>
<simpleChoice identifier="C" fixed="true">
mnemonic
</simpleChoice>
<simpleChoice identifier="D" fixed="true">
elaborative
</simpleChoice>
</choiceInteraction>
</itemBody>
<responseProcessing template="http://www.imsglobal.org/question/qti_v2p1/rptemplates/match_correct"/>
</assessmentItem>