<?xml version="1.0" encoding="UTF-8"?>
<assessmentItem identifier="Chapter8" title="Memory" adaptive="false" timeDependent="false" 
  xmlns:xsi="http://www.w3.org/2001/XMLSchema-instance" 
  xmlns="http://www.imsglobal.org/xsd/imsqti_v2p1"
  xsi:schemaLocation="http://www.imsglobal.org/xsd/imsqti_v2p1 http://www.imsglobal.org/xsd/qti/qtiv2p1/imsqti_v2p1p1.xsd">
    <responseDeclaration identifier="RESPONSE" cardinality="single" baseType="identifier">
<correctResponse>
<value>B</value>
</correctResponse>
</responseDeclaration>
     <outcomeDeclaration identifier="SCORE" cardinality="single" baseType="float" normalMaximum="1" normalMinimum="0">
      <defaultValue>
        <value>0</value>
      </defaultValue>
    </outcomeDeclaration>
  	<itemBody>
	<choiceInteraction responseIdentifier="RESPONSE" shuffle="false" maxChoices="1" id="choicereduction">
		<prompt id="prompt">Which of the following is a good example of the use of a mnemonic?</prompt>
<simpleChoice identifier="A" fixed="true">
being able to hum the tune to a song even when you can&#8217;t remember the lyrics
</simpleChoice>
<simpleChoice identifier="B" fixed="true">
dreaming about an airport and deciding to take a trip
</simpleChoice>
<simpleChoice identifier="C" fixed="true">
remembering the names of the Great Lakes with the acronym HOMES
</simpleChoice>
<simpleChoice identifier="D" fixed="true">
thinking about a bike you plan to buy and having the image of the bike appear in your mind
</simpleChoice>
</choiceInteraction>
</itemBody>
<responseProcessing template="http://www.imsglobal.org/question/qti_v2p1/rptemplates/match_correct"/>
</assessmentItem>