<?xml version="1.0" encoding="UTF-8"?>
<assessmentItem identifier="Chapter8" title="Memory" adaptive="false" timeDependent="false" 
  xmlns:xsi="http://www.w3.org/2001/XMLSchema-instance" 
  xmlns="http://www.imsglobal.org/xsd/imsqti_v2p1"
  xsi:schemaLocation="http://www.imsglobal.org/xsd/imsqti_v2p1 http://www.imsglobal.org/xsd/qti/qtiv2p1/imsqti_v2p1p1.xsd">
    <responseDeclaration identifier="RESPONSE" cardinality="single" baseType="identifier">
<correctResponse>
<value>C</value>
</correctResponse>
</responseDeclaration>
     <outcomeDeclaration identifier="SCORE" cardinality="single" baseType="float" normalMaximum="1" normalMinimum="0">
      <defaultValue>
        <value>0</value>
      </defaultValue>
    </outcomeDeclaration>
  	<itemBody>
	<choiceInteraction responseIdentifier="RESPONSE" shuffle="false" maxChoices="1" id="choicereduction">
		<prompt id="prompt">Amarah has an exam in a week, so she schedules 30 to 60 minutes each night to review her course material. She does this rather than waiting until the night before the exam so that she can avoid a &#8220;cram session.&#8221; Amarah&#8217;s approach to studying is called &#95;&#95;&#95;&#95;&#95;&#95;&#95;&#95; practice.</prompt>
<simpleChoice identifier="A" fixed="true">
chunked
</simpleChoice>
<simpleChoice identifier="B" fixed="true">
massed
</simpleChoice>
<simpleChoice identifier="C" fixed="true">
distributed
</simpleChoice>
<simpleChoice identifier="D" fixed="true">
proactive
</simpleChoice>
</choiceInteraction>
</itemBody>
<responseProcessing template="http://www.imsglobal.org/question/qti_v2p1/rptemplates/match_correct"/>
</assessmentItem>