<?xml version="1.0" encoding="UTF-8"?>
 
 
 
<assessmentItem identifier="Chapter8" title="Memory" adaptive="false" timeDependent="false" 
  xmlns:xsi="http://www.w3.org/2001/XMLSchema-instance" 
  xmlns="http://www.imsglobal.org/xsd/imsqti_v2p1"
  xsi:schemaLocation="http://www.imsglobal.org/xsd/imsqti_v2p1 http://www.imsglobal.org/xsd/qti/qtiv2p1/imsqti_v2p1p1.xsd">
    <responseDeclaration identifier="RESPONSE" cardinality="single" baseType="string"/>
   <outcomeDeclaration identifier="SCORE" cardinality="single" baseType="float" normalMaximum="1" normalMinimum="0"/>
      <itemBody>
        <extendedTextInteraction format="plain" minStrings="1" responseIdentifier="RESPONSE">
            <prompt id="prompt">List the three parts of the brain involved in memory processing and explain what role they play.</prompt>
    </extendedTextInteraction>
 
 
 
    <p>Sample Answer: The three parts of the brain involved in memory processing are cerebellum, hippocampus, and amygdala. The cerebellum&#8217;s job is to process procedural memories; the hippocampus is where new memories are encoded; the amygdala helps determine what memories to store and determines the strength of our emotional response to an event.</p>
 
 
 
    </itemBody>
</assessmentItem>
 