<?xml version="1.0" encoding="UTF-8"?>
 
 
 
<assessmentItem identifier="Chapter8" title="Memory" adaptive="false" timeDependent="false" 
  xmlns:xsi="http://www.w3.org/2001/XMLSchema-instance" 
  xmlns="http://www.imsglobal.org/xsd/imsqti_v2p1"
  xsi:schemaLocation="http://www.imsglobal.org/xsd/imsqti_v2p1 http://www.imsglobal.org/xsd/qti/qtiv2p1/imsqti_v2p1p1.xsd">
    <responseDeclaration identifier="RESPONSE" cardinality="single" baseType="string"/>
   <outcomeDeclaration identifier="SCORE" cardinality="single" baseType="float" normalMaximum="1" normalMinimum="0"/>
      <itemBody>
        <extendedTextInteraction format="plain" minStrings="1" responseIdentifier="RESPONSE">
            <prompt id="prompt">Explain the difference between recall, recognition, and relearning.</prompt>
    </extendedTextInteraction>
 
 
 
    <p>Sample Answer: There are three ways you can retrieve information out of your long-term memory storage system: recall, recognition, and relearning. Recall means you can access information without cues. Recognition happens when you identify information that you have previously learned after encountering it again. Relearning involves learning information that you previously learned.</p>
 
 
 
    </itemBody>
</assessmentItem>
 