<?xml version="1.0" encoding="UTF-8"?>
<assessmentItem identifier="Chapter8" title="Memory" adaptive="false" timeDependent="false" 
  xmlns:xsi="http://www.w3.org/2001/XMLSchema-instance" 
  xmlns="http://www.imsglobal.org/xsd/imsqti_v2p1"
  xsi:schemaLocation="http://www.imsglobal.org/xsd/imsqti_v2p1 http://www.imsglobal.org/xsd/qti/qtiv2p1/imsqti_v2p1p1.xsd">
    <responseDeclaration identifier="RESPONSE" cardinality="single" baseType="identifier">
<correctResponse>
<value>D</value>
</correctResponse>
</responseDeclaration>
     <outcomeDeclaration identifier="SCORE" cardinality="single" baseType="float" normalMaximum="1" normalMinimum="0">
      <defaultValue>
        <value>0</value>
      </defaultValue>
    </outcomeDeclaration>
  	<itemBody>
	<choiceInteraction responseIdentifier="RESPONSE" shuffle="false" maxChoices="1" id="choicereduction">
		<prompt id="prompt">From a cognitive psychology perspective, why is getting plenty of sleep the night before an exam important?</prompt>
<simpleChoice identifier="A" fixed="true">
A good night of sleep inhibits the experience of retroactive interference.
</simpleChoice>
<simpleChoice identifier="B" fixed="true">
It decreases the likelihood of experiencing transience of memories.
</simpleChoice>
<simpleChoice identifier="C" fixed="true">
It makes sure that your neurons are firing at peak speed and efficiency.
</simpleChoice>
<simpleChoice identifier="D" fixed="true">
It allows for consolidation of studied material in long-term memory.
</simpleChoice>
</choiceInteraction>
</itemBody>
<responseProcessing template="http://www.imsglobal.org/question/qti_v2p1/rptemplates/match_correct"/>
</assessmentItem>