<?xml version="1.0" encoding="UTF-8"?>
 
 
 
<assessmentItem identifier="Chapter8" title="Memory" adaptive="false" timeDependent="false" 
  xmlns:xsi="http://www.w3.org/2001/XMLSchema-instance" 
  xmlns="http://www.imsglobal.org/xsd/imsqti_v2p1"
  xsi:schemaLocation="http://www.imsglobal.org/xsd/imsqti_v2p1 http://www.imsglobal.org/xsd/qti/qtiv2p1/imsqti_v2p1p1.xsd">
    <responseDeclaration identifier="RESPONSE" cardinality="single" baseType="string"/>
   <outcomeDeclaration identifier="SCORE" cardinality="single" baseType="float" normalMaximum="1" normalMinimum="0"/>
      <itemBody>
        <extendedTextInteraction format="plain" minStrings="1" responseIdentifier="RESPONSE">
            <prompt id="prompt">Why is relying on eyewitness testimony problematic?</prompt>
    </extendedTextInteraction>
 
 
 
    <p>Sample Answer: Though people may not intend to lie, it can happen in the process of retrieving old memories and combining them with new memories. Researchers Wells and Quinlivan asserted that suggestive police identification procedures (e.g., stacking lineups to make the defendant stand out, telling the witness which person to identify, and confirming witness choices by telling them &#8220;good choice&#8221; or &#8220;you picked the guy&#8221;) can lead to otherwise reliable eyewitnesses misidentifying the innocent as criminal.</p>
 
 
 
    </itemBody>
</assessmentItem>
 