<?xml version="1.0" encoding="UTF-8"?>
<assessmentItem identifier="Chapter9" title="Lifespan Development" adaptive="false" timeDependent="false" 
  xmlns:xsi="http://www.w3.org/2001/XMLSchema-instance" 
  xmlns="http://www.imsglobal.org/xsd/imsqti_v2p1"
  xsi:schemaLocation="http://www.imsglobal.org/xsd/imsqti_v2p1 http://www.imsglobal.org/xsd/qti/qtiv2p1/imsqti_v2p1p1.xsd">
    <responseDeclaration identifier="RESPONSE" cardinality="single" baseType="identifier">
<correctResponse>
<value>D</value>
</correctResponse>
</responseDeclaration>
     <outcomeDeclaration identifier="SCORE" cardinality="single" baseType="float" normalMaximum="1" normalMinimum="0">
      <defaultValue>
        <value>0</value>
      </defaultValue>
    </outcomeDeclaration>
  	<itemBody>
	<choiceInteraction responseIdentifier="RESPONSE" shuffle="false" maxChoices="1" id="choicereduction">
		<prompt id="prompt">Emily is a doctoral student in psychology. She plans to use &#95;&#95;&#95;&#95;&#95;&#95;&#95;&#95; to complete her doctoral paper, asking individuals to self-report important information about how their thoughts, experiences, and beliefs differ over a 10-year period.</prompt>
<simpleChoice identifier="A" fixed="true">
experiments
</simpleChoice>
<simpleChoice identifier="B" fixed="true">
case studies
</simpleChoice>
<simpleChoice identifier="C" fixed="true">
naturalistic observations
</simpleChoice>
<simpleChoice identifier="D" fixed="true">
surveys 
</simpleChoice>
</choiceInteraction>
</itemBody>
<responseProcessing template="http://www.imsglobal.org/question/qti_v2p1/rptemplates/match_correct"/>
</assessmentItem>