<?xml version="1.0" encoding="UTF-8"?>
<assessmentItem identifier="Chapter9" title="Lifespan Development" adaptive="false" timeDependent="false" 
  xmlns:xsi="http://www.w3.org/2001/XMLSchema-instance" 
  xmlns="http://www.imsglobal.org/xsd/imsqti_v2p1"
  xsi:schemaLocation="http://www.imsglobal.org/xsd/imsqti_v2p1 http://www.imsglobal.org/xsd/qti/qtiv2p1/imsqti_v2p1p1.xsd">
    <responseDeclaration identifier="RESPONSE" cardinality="single" baseType="identifier">
<correctResponse>
<value>D</value>
</correctResponse>
</responseDeclaration>
     <outcomeDeclaration identifier="SCORE" cardinality="single" baseType="float" normalMaximum="1" normalMinimum="0">
      <defaultValue>
        <value>0</value>
      </defaultValue>
    </outcomeDeclaration>
  	<itemBody>
	<choiceInteraction responseIdentifier="RESPONSE" shuffle="false" maxChoices="1" id="choicereduction">
		<prompt id="prompt">Between birth and one year, infants are dependent on their caregivers; therefore, caregivers who are responsive and sensitive to their infant&#8217;s needs help their baby to develop a sense of the world as a safe, predictable place. In Erikson&#8217;s developmental theory, what is the primary developmental task of this stage?</prompt>
<simpleChoice identifier="A" fixed="true">
autonomy vs. shame/doubt
</simpleChoice>
<simpleChoice identifier="B" fixed="true">
identity vs. confusion
</simpleChoice>
<simpleChoice identifier="C" fixed="true">
industry vs. inferiority 
</simpleChoice>
<simpleChoice identifier="D" fixed="true">
trust vs. mistrust
</simpleChoice>
</choiceInteraction>
</itemBody>
<responseProcessing template="http://www.imsglobal.org/question/qti_v2p1/rptemplates/match_correct"/>
</assessmentItem>