<?xml version="1.0" encoding="UTF-8"?>
<assessmentItem identifier="Chapter9" title="Lifespan Development" adaptive="false" timeDependent="false" 
  xmlns:xsi="http://www.w3.org/2001/XMLSchema-instance" 
  xmlns="http://www.imsglobal.org/xsd/imsqti_v2p1"
  xsi:schemaLocation="http://www.imsglobal.org/xsd/imsqti_v2p1 http://www.imsglobal.org/xsd/qti/qtiv2p1/imsqti_v2p1p1.xsd">
    <responseDeclaration identifier="RESPONSE" cardinality="single" baseType="identifier">
<correctResponse>
<value>B</value>
</correctResponse>
</responseDeclaration>
     <outcomeDeclaration identifier="SCORE" cardinality="single" baseType="float" normalMaximum="1" normalMinimum="0">
      <defaultValue>
        <value>0</value>
      </defaultValue>
    </outcomeDeclaration>
  	<itemBody>
	<choiceInteraction responseIdentifier="RESPONSE" shuffle="false" maxChoices="1" id="choicereduction">
		<prompt id="prompt">Adolescents (ages 12&#8211;18) experiment with and develop a sense of who they are and what roles they want to play. Erik Erikson would argue that during this period adolescents face the&#95;&#95;&#95;&#95;&#95;&#95;&#95;&#95; task of development.</prompt>
<simpleChoice identifier="A" fixed="true">
generativity vs. stagnation
</simpleChoice>
<simpleChoice identifier="B" fixed="true">
identity vs. confusion
</simpleChoice>
<simpleChoice identifier="C" fixed="true">
isolation vs. intimacy
</simpleChoice>
<simpleChoice identifier="D" fixed="true">
trust vs. mistrust 
</simpleChoice>
</choiceInteraction>
</itemBody>
<responseProcessing template="http://www.imsglobal.org/question/qti_v2p1/rptemplates/match_correct"/>
</assessmentItem>