<?xml version="1.0" encoding="UTF-8"?>
<assessmentItem identifier="Chapter9" title="Lifespan Development" adaptive="false" timeDependent="false" 
  xmlns:xsi="http://www.w3.org/2001/XMLSchema-instance" 
  xmlns="http://www.imsglobal.org/xsd/imsqti_v2p1"
  xsi:schemaLocation="http://www.imsglobal.org/xsd/imsqti_v2p1 http://www.imsglobal.org/xsd/qti/qtiv2p1/imsqti_v2p1p1.xsd">
    <responseDeclaration identifier="RESPONSE" cardinality="single" baseType="identifier">
<correctResponse>
<value>D</value>
</correctResponse>
</responseDeclaration>
     <outcomeDeclaration identifier="SCORE" cardinality="single" baseType="float" normalMaximum="1" normalMinimum="0">
      <defaultValue>
        <value>0</value>
      </defaultValue>
    </outcomeDeclaration>
  	<itemBody>
	<choiceInteraction responseIdentifier="RESPONSE" shuffle="false" maxChoices="1" id="choicereduction">
		<prompt id="prompt">Which of the following illustrates conservation?</prompt>
<simpleChoice identifier="A" fixed="true">
Deirdre believes that five pennies have more value than two nickels but he doesn&#8217;t know the value of either coin by itself.
</simpleChoice>
<simpleChoice identifier="B" fixed="true">
Joseph saves his energy by brushing his teeth in the shower but doesn&#8217;t realize that he is wasting water that way.
</simpleChoice>
<simpleChoice identifier="C" fixed="true">
Rebekah recycles her glass bottles but not her cell phone batteries because she doesn&#8217;t think they can be recycled.
</simpleChoice>
<simpleChoice identifier="D" fixed="true">
Scott knows that one piece of pizza cut into two slices is the same amount as cutting the same piece of pizza into three slices.
</simpleChoice>
</choiceInteraction>
</itemBody>
<responseProcessing template="http://www.imsglobal.org/question/qti_v2p1/rptemplates/match_correct"/>
</assessmentItem>