<?xml version="1.0" encoding="UTF-8"?>
<assessmentItem identifier="Chapter9" title="Lifespan Development" adaptive="false" timeDependent="false" 
  xmlns:xsi="http://www.w3.org/2001/XMLSchema-instance" 
  xmlns="http://www.imsglobal.org/xsd/imsqti_v2p1"
  xsi:schemaLocation="http://www.imsglobal.org/xsd/imsqti_v2p1 http://www.imsglobal.org/xsd/qti/qtiv2p1/imsqti_v2p1p1.xsd">
    <responseDeclaration identifier="RESPONSE" cardinality="single" baseType="identifier">
<correctResponse>
<value>B</value>
</correctResponse>
</responseDeclaration>
     <outcomeDeclaration identifier="SCORE" cardinality="single" baseType="float" normalMaximum="1" normalMinimum="0">
      <defaultValue>
        <value>0</value>
      </defaultValue>
    </outcomeDeclaration>
  	<itemBody>
	<choiceInteraction responseIdentifier="RESPONSE" shuffle="false" maxChoices="1" id="choicereduction">
		<prompt id="prompt">Jory, a six year old, is picking out a card for his mother&#8217;s birthday. He picks the card with a picture of Lightning McQueen, reasoning that since he loves <em>Cars</em> his mother does to. What does this exemplify?</prompt>
<simpleChoice identifier="A" fixed="true">
conservation
</simpleChoice>
<simpleChoice identifier="B" fixed="true">
egocentrism
</simpleChoice>
<simpleChoice identifier="C" fixed="true">
abstract thought
</simpleChoice>
<simpleChoice identifier="D" fixed="true">
reversibility
</simpleChoice>
</choiceInteraction>
</itemBody>
<responseProcessing template="http://www.imsglobal.org/question/qti_v2p1/rptemplates/match_correct"/>
</assessmentItem>