<?xml version="1.0" encoding="UTF-8"?>
<assessmentItem identifier="Chapter9" title="Lifespan Development" adaptive="false" timeDependent="false" 
  xmlns:xsi="http://www.w3.org/2001/XMLSchema-instance" 
  xmlns="http://www.imsglobal.org/xsd/imsqti_v2p1"
  xsi:schemaLocation="http://www.imsglobal.org/xsd/imsqti_v2p1 http://www.imsglobal.org/xsd/qti/qtiv2p1/imsqti_v2p1p1.xsd">
    <responseDeclaration identifier="RESPONSE" cardinality="single" baseType="identifier">
<correctResponse>
<value>A</value>
</correctResponse>
</responseDeclaration>
     <outcomeDeclaration identifier="SCORE" cardinality="single" baseType="float" normalMaximum="1" normalMinimum="0">
      <defaultValue>
        <value>0</value>
      </defaultValue>
    </outcomeDeclaration>
  	<itemBody>
	<choiceInteraction responseIdentifier="RESPONSE" shuffle="false" maxChoices="1" id="choicereduction">
		<prompt id="prompt">Britta knows that it is wrong to break into a store that is closed, but there is a medical emergency and she has no cell phone with her. Her date has collapsed on the street and is having a seizure. Britta breaks the window of a local store, unlocks the door, and lets herself in to call the police. She stays behind to explain her behavior to the store owner, who shows up shortly after he is called. Britta is operating at the &#95;&#95;&#95;&#95;&#95;&#95;&#95;&#95; level of Kohlberg&#8217;s theory of morality.</prompt>
<simpleChoice identifier="A" fixed="true">
post-conventional
</simpleChoice>
<simpleChoice identifier="B" fixed="true">
pre-conventional
</simpleChoice>
<simpleChoice identifier="C" fixed="true">
conventional
</simpleChoice>
<simpleChoice identifier="D" fixed="true">
concrete operational
</simpleChoice>
</choiceInteraction>
</itemBody>
<responseProcessing template="http://www.imsglobal.org/question/qti_v2p1/rptemplates/match_correct"/>
</assessmentItem>