<?xml version="1.0" encoding="UTF-8"?>
<assessmentItem identifier="Chapter9" title="Lifespan Development" adaptive="false" timeDependent="false" 
  xmlns:xsi="http://www.w3.org/2001/XMLSchema-instance" 
  xmlns="http://www.imsglobal.org/xsd/imsqti_v2p1"
  xsi:schemaLocation="http://www.imsglobal.org/xsd/imsqti_v2p1 http://www.imsglobal.org/xsd/qti/qtiv2p1/imsqti_v2p1p1.xsd">
    <responseDeclaration identifier="RESPONSE" cardinality="single" baseType="identifier">
<correctResponse>
<value>C</value>
</correctResponse>
</responseDeclaration>
     <outcomeDeclaration identifier="SCORE" cardinality="single" baseType="float" normalMaximum="1" normalMinimum="0">
      <defaultValue>
        <value>0</value>
      </defaultValue>
    </outcomeDeclaration>
  	<itemBody>
	<choiceInteraction responseIdentifier="RESPONSE" shuffle="false" maxChoices="1" id="choicereduction">
		<prompt id="prompt">During adolescence there is a tendency to see people engage in higher levels of risk-taking behavior. Emotional outbursts are also quite common. This is explained by the relative underdevelopment of the &#95;&#95;&#95;&#95;&#95;&#95;&#95;&#95; lobe of the cerebral cortex.</prompt>
<simpleChoice identifier="A" fixed="true">
occipital
</simpleChoice>
<simpleChoice identifier="B" fixed="true">
temporal
</simpleChoice>
<simpleChoice identifier="C" fixed="true">
frontal
</simpleChoice>
<simpleChoice identifier="D" fixed="true">
parietal
</simpleChoice>
</choiceInteraction>
</itemBody>
<responseProcessing template="http://www.imsglobal.org/question/qti_v2p1/rptemplates/match_correct"/>
</assessmentItem>