<?xml version="1.0" encoding="UTF-8"?>
<assessmentItem identifier="Chapter9" title="Lifespan Development" adaptive="false" timeDependent="false" 
  xmlns:xsi="http://www.w3.org/2001/XMLSchema-instance" 
  xmlns="http://www.imsglobal.org/xsd/imsqti_v2p1"
  xsi:schemaLocation="http://www.imsglobal.org/xsd/imsqti_v2p1 http://www.imsglobal.org/xsd/qti/qtiv2p1/imsqti_v2p1p1.xsd">
    <responseDeclaration identifier="RESPONSE" cardinality="single" baseType="identifier">
<correctResponse>
<value>C</value>
</correctResponse>
</responseDeclaration>
     <outcomeDeclaration identifier="SCORE" cardinality="single" baseType="float" normalMaximum="1" normalMinimum="0">
      <defaultValue>
        <value>0</value>
      </defaultValue>
    </outcomeDeclaration>
  	<itemBody>
	<choiceInteraction responseIdentifier="RESPONSE" shuffle="false" maxChoices="1" id="choicereduction">
		<prompt id="prompt">What is an advanced directive?</prompt>
<simpleChoice identifier="A" fixed="true">
A legal document that bars anyone from providing resuscitative care if one&#8217;s heart should stop or they stop breathing.
</simpleChoice>
<simpleChoice identifier="B" fixed="true">
A statement of what a person wants done with their estate, including who their possessions should go to.
</simpleChoice>
<simpleChoice identifier="C" fixed="true">
A legal document that provides specific interventions that a person wants. 
</simpleChoice>
<simpleChoice identifier="D" fixed="true">
An indication of what a person wants for their own funeral ceremonies (including requesting that no funeral be held).
</simpleChoice>
</choiceInteraction>
</itemBody>
<responseProcessing template="http://www.imsglobal.org/question/qti_v2p1/rptemplates/match_correct"/>
</assessmentItem>