<?xml version="1.0" encoding="UTF-8"?>
<assessmentItem identifier="Chapter9" title="Lifespan Development" adaptive="false" timeDependent="false" 
  xmlns:xsi="http://www.w3.org/2001/XMLSchema-instance" 
  xmlns="http://www.imsglobal.org/xsd/imsqti_v2p1"
  xsi:schemaLocation="http://www.imsglobal.org/xsd/imsqti_v2p1 http://www.imsglobal.org/xsd/qti/qtiv2p1/imsqti_v2p1p1.xsd">
    <responseDeclaration identifier="RESPONSE" cardinality="single" baseType="identifier">
<correctResponse>
<value>A</value>
</correctResponse>
</responseDeclaration>
     <outcomeDeclaration identifier="SCORE" cardinality="single" baseType="float" normalMaximum="1" normalMinimum="0">
      <defaultValue>
        <value>0</value>
      </defaultValue>
    </outcomeDeclaration>
  	<itemBody>
	<choiceInteraction responseIdentifier="RESPONSE" shuffle="false" maxChoices="1" id="choicereduction">
		<prompt id="prompt">Victoria has learned that she has metastatic breast cancer and has only a few months to live. She immediately goes to church and prays that she will &#8220;change her ways&#8221; and will become a model Christian if God will just heal her illness. Victoria is at the &#95;&#95;&#95;&#95;&#95;&#95;&#95; stage of grieving.</prompt>
<simpleChoice identifier="A" fixed="true">
bargaining
</simpleChoice>
<simpleChoice identifier="B" fixed="true">
denial
</simpleChoice>
<simpleChoice identifier="C" fixed="true">
anger
</simpleChoice>
<simpleChoice identifier="D" fixed="true">
depression
</simpleChoice>
</choiceInteraction>
</itemBody>
<responseProcessing template="http://www.imsglobal.org/question/qti_v2p1/rptemplates/match_correct"/>
</assessmentItem>