<?xml version="1.0" encoding="UTF-8"?>
<assessmentItem identifier="Chapter9" title="Lifespan Development" adaptive="false" timeDependent="false" 
  xmlns:xsi="http://www.w3.org/2001/XMLSchema-instance" 
  xmlns="http://www.imsglobal.org/xsd/imsqti_v2p1"
  xsi:schemaLocation="http://www.imsglobal.org/xsd/imsqti_v2p1 http://www.imsglobal.org/xsd/qti/qtiv2p1/imsqti_v2p1p1.xsd">
    <responseDeclaration identifier="RESPONSE" cardinality="single" baseType="identifier">
<correctResponse>
<value>C</value>
</correctResponse>
</responseDeclaration>
     <outcomeDeclaration identifier="SCORE" cardinality="single" baseType="float" normalMaximum="1" normalMinimum="0">
      <defaultValue>
        <value>0</value>
      </defaultValue>
    </outcomeDeclaration>
  	<itemBody>
	<choiceInteraction responseIdentifier="RESPONSE" shuffle="false" maxChoices="1" id="choicereduction">
		<prompt id="prompt">Ross has learned that he has Parkinson&#8217;s disease, and that in time he will lose some of his cognitive faculties. He and his wife have a lawyer draw up a document that names her a health care &#95;&#95;&#95;&#95;&#95;&#95;&#95;&#95; who will be able to make medical decisions for Ross when he is unable to do so for himself.</prompt>
<simpleChoice identifier="A" fixed="true">
beneficiary
</simpleChoice>
<simpleChoice identifier="B" fixed="true">
designee
</simpleChoice>
<simpleChoice identifier="C" fixed="true">
proxy
</simpleChoice>
<simpleChoice identifier="D" fixed="true">
executor
</simpleChoice>
</choiceInteraction>
</itemBody>
<responseProcessing template="http://www.imsglobal.org/question/qti_v2p1/rptemplates/match_correct"/>
</assessmentItem>