<?xml version="1.0" encoding="UTF-8"?>
<assessmentItem identifier="Chapter16" title="Therapy and Treatment" adaptive="false" timeDependent="false" 
  xmlns:xsi="http://www.w3.org/2001/XMLSchema-instance" 
  xmlns="http://www.imsglobal.org/xsd/imsqti_v2p1"
  xsi:schemaLocation="http://www.imsglobal.org/xsd/imsqti_v2p1 http://www.imsglobal.org/xsd/qti/qtiv2p1/imsqti_v2p1p1.xsd">
    <responseDeclaration identifier="RESPONSE" cardinality="single" baseType="identifier">
<correctResponse>
<value>C</value>
</correctResponse>
</responseDeclaration>
     <outcomeDeclaration identifier="SCORE" cardinality="single" baseType="float" normalMaximum="1" normalMinimum="0">
      <defaultValue>
        <value>0</value>
      </defaultValue>
    </outcomeDeclaration>
  	<itemBody>
	<choiceInteraction responseIdentifier="RESPONSE" shuffle="false" maxChoices="1" id="choicereduction">
		<prompt id="prompt">Harlow is eight years old. She sees Dr. Gardener every Friday at 11:00 a.m. Their sessions involve Dr. Gardener watching Harlow interact with stuffed animals and other toys. What kind of psychotherapeutic orientation does this exemplify? </prompt>
<simpleChoice identifier="A" fixed="true">
cognitive-behavioral therapy
</simpleChoice>
<simpleChoice identifier="B" fixed="true">
ECT
</simpleChoice>
<simpleChoice identifier="C" fixed="true">
play therapy
</simpleChoice>
<simpleChoice identifier="D" fixed="true">
RET
</simpleChoice>
</choiceInteraction>
</itemBody>
<responseProcessing template="http://www.imsglobal.org/question/qti_v2p1/rptemplates/match_correct"/>
</assessmentItem>