<?xml version="1.0" encoding="UTF-8"?>
<assessmentItem identifier="Chapter16" title="Therapy and Treatment" adaptive="false" timeDependent="false" 
  xmlns:xsi="http://www.w3.org/2001/XMLSchema-instance" 
  xmlns="http://www.imsglobal.org/xsd/imsqti_v2p1"
  xsi:schemaLocation="http://www.imsglobal.org/xsd/imsqti_v2p1 http://www.imsglobal.org/xsd/qti/qtiv2p1/imsqti_v2p1p1.xsd">
    <responseDeclaration identifier="RESPONSE" cardinality="single" baseType="identifier">
<correctResponse>
<value>C</value>
</correctResponse>
</responseDeclaration>
     <outcomeDeclaration identifier="SCORE" cardinality="single" baseType="float" normalMaximum="1" normalMinimum="0">
      <defaultValue>
        <value>0</value>
      </defaultValue>
    </outcomeDeclaration>
  	<itemBody>
	<choiceInteraction responseIdentifier="RESPONSE" shuffle="false" maxChoices="1" id="choicereduction">
		<prompt id="prompt">In order to overcome an eating disorder, Sevilla&#8217;s therapist works to change her distorted ways of thinking and self-defeating actions by helping her learn to identify such behaviors. What kind of psychotherapeutic orientation does this exemplify?</prompt>
<simpleChoice identifier="A" fixed="true">
systematic desensitization
</simpleChoice>
<simpleChoice identifier="B" fixed="true">
classical conditioning counseling
</simpleChoice>
<simpleChoice identifier="C" fixed="true">
cognitive-behavioral therapy
</simpleChoice>
<simpleChoice identifier="D" fixed="true">
client-centered therapy
</simpleChoice>
</choiceInteraction>
</itemBody>
<responseProcessing template="http://www.imsglobal.org/question/qti_v2p1/rptemplates/match_correct"/>
</assessmentItem>