<?xml version="1.0" encoding="UTF-8"?>
<assessmentItem identifier="Chapter16" title="Therapy and Treatment" adaptive="false" timeDependent="false" 
  xmlns:xsi="http://www.w3.org/2001/XMLSchema-instance" 
  xmlns="http://www.imsglobal.org/xsd/imsqti_v2p1"
  xsi:schemaLocation="http://www.imsglobal.org/xsd/imsqti_v2p1 http://www.imsglobal.org/xsd/qti/qtiv2p1/imsqti_v2p1p1.xsd">
    <responseDeclaration identifier="RESPONSE" cardinality="single" baseType="identifier">
<correctResponse>
<value>A</value>
</correctResponse>
</responseDeclaration>
     <outcomeDeclaration identifier="SCORE" cardinality="single" baseType="float" normalMaximum="1" normalMinimum="0">
      <defaultValue>
        <value>0</value>
      </defaultValue>
    </outcomeDeclaration>
  	<itemBody>
	<choiceInteraction responseIdentifier="RESPONSE" shuffle="false" maxChoices="1" id="choicereduction">
		<prompt id="prompt">Marlena tells her therapist that she often feels helpless and unable to accomplish her goals. Her therapist responds by acknowledging her feelings, restating what she has told him, and clarifying the feelings behind what Marlena is expressing. What aspect of client-centered therapy is this?</prompt>
<simpleChoice identifier="A" fixed="true">
active listening
</simpleChoice>
<simpleChoice identifier="B" fixed="true">
indirect empathy
</simpleChoice>
<simpleChoice identifier="C" fixed="true">
personal growth
</simpleChoice>
<simpleChoice identifier="D" fixed="true">
unconditional positive regard
</simpleChoice>
</choiceInteraction>
</itemBody>
<responseProcessing template="http://www.imsglobal.org/question/qti_v2p1/rptemplates/match_correct"/>
</assessmentItem>