<?xml version="1.0" encoding="UTF-8"?>
<assessmentItem identifier="Chapter16" title="Therapy and Treatment" adaptive="false" timeDependent="false" 
  xmlns:xsi="http://www.w3.org/2001/XMLSchema-instance" 
  xmlns="http://www.imsglobal.org/xsd/imsqti_v2p1"
  xsi:schemaLocation="http://www.imsglobal.org/xsd/imsqti_v2p1 http://www.imsglobal.org/xsd/qti/qtiv2p1/imsqti_v2p1p1.xsd">
    <responseDeclaration identifier="RESPONSE" cardinality="single" baseType="identifier">
<correctResponse>
<value>D</value>
</correctResponse>
</responseDeclaration>
     <outcomeDeclaration identifier="SCORE" cardinality="single" baseType="float" normalMaximum="1" normalMinimum="0">
      <defaultValue>
        <value>0</value>
      </defaultValue>
    </outcomeDeclaration>
  	<itemBody>
	<choiceInteraction responseIdentifier="RESPONSE" shuffle="false" maxChoices="1" id="choicereduction">
		<prompt id="prompt">Jarl makes several minor mistakes during his conversational French class. Instead of thinking, &#8220;everyone makes mistakes sometimes,&#8221; he thinks, &#8220;I am so stupid.&#8221; What kind of cognitive distortion is this?</prompt>
<simpleChoice identifier="A" fixed="true">
all-or-nothing thinking
</simpleChoice>
<simpleChoice identifier="B" fixed="true">
beating a dead horse
</simpleChoice>
<simpleChoice identifier="C" fixed="true">
jumping to conclusions
</simpleChoice>
<simpleChoice identifier="D" fixed="true">
overgeneralization
</simpleChoice>
</choiceInteraction>
</itemBody>
<responseProcessing template="http://www.imsglobal.org/question/qti_v2p1/rptemplates/match_correct"/>
</assessmentItem>