<?xml version="1.0" encoding="UTF-8"?>
<assessmentItem identifier="Chapter16" title="Therapy and Treatment" adaptive="false" timeDependent="false" 
  xmlns:xsi="http://www.w3.org/2001/XMLSchema-instance" 
  xmlns="http://www.imsglobal.org/xsd/imsqti_v2p1"
  xsi:schemaLocation="http://www.imsglobal.org/xsd/imsqti_v2p1 http://www.imsglobal.org/xsd/qti/qtiv2p1/imsqti_v2p1p1.xsd">
    <responseDeclaration identifier="RESPONSE" cardinality="single" baseType="identifier">
<correctResponse>
<value>D</value>
</correctResponse>
</responseDeclaration>
     <outcomeDeclaration identifier="SCORE" cardinality="single" baseType="float" normalMaximum="1" normalMinimum="0">
      <defaultValue>
        <value>0</value>
      </defaultValue>
    </outcomeDeclaration>
  	<itemBody>
	<choiceInteraction responseIdentifier="RESPONSE" shuffle="false" maxChoices="1" id="choicereduction">
		<prompt id="prompt">Martha and Mikey go to meet with a psychotherapist and other parents to learn about their adult son&#8217;s symptoms of schizophrenia. They spend time discussing the illness, learning to understand his challenges, and getting information about how to most effectively help him recover. This approach is called a &#95;&#95;&#95;&#95;&#95;&#95;&#95;&#95; group.</prompt>
<simpleChoice identifier="A" fixed="true">
psychoanalytic
</simpleChoice>
<simpleChoice identifier="B" fixed="true">
structural
</simpleChoice>
<simpleChoice identifier="C" fixed="true">
self-help
</simpleChoice>
<simpleChoice identifier="D" fixed="true">
psychoeducational
</simpleChoice>
</choiceInteraction>
</itemBody>
<responseProcessing template="http://www.imsglobal.org/question/qti_v2p1/rptemplates/match_correct"/>
</assessmentItem>