<?xml version="1.0" encoding="UTF-8"?>
<assessmentItem identifier="Chapter16" title="Therapy and Treatment" adaptive="false" timeDependent="false" 
  xmlns:xsi="http://www.w3.org/2001/XMLSchema-instance" 
  xmlns="http://www.imsglobal.org/xsd/imsqti_v2p1"
  xsi:schemaLocation="http://www.imsglobal.org/xsd/imsqti_v2p1 http://www.imsglobal.org/xsd/qti/qtiv2p1/imsqti_v2p1p1.xsd">
    <responseDeclaration identifier="RESPONSE" cardinality="single" baseType="identifier">
<correctResponse>
<value>A</value>
</correctResponse>
</responseDeclaration>
     <outcomeDeclaration identifier="SCORE" cardinality="single" baseType="float" normalMaximum="1" normalMinimum="0">
      <defaultValue>
        <value>0</value>
      </defaultValue>
    </outcomeDeclaration>
  	<itemBody>
	<choiceInteraction responseIdentifier="RESPONSE" shuffle="false" maxChoices="1" id="choicereduction">
		<prompt id="prompt">Christine and Susan have been together for 3 years and are thinking about getting married. Lately all they seem to do is fight, as they have trouble communicating over the slightest issue. Both are unhappy and are each thinking that they may need to call off the wedding. They go to see a(n) &#95;&#95;&#95;&#95;&#95;&#95;&#95;&#95; therapist who might help them work through these communication issues and to help them build collaborative problem-solving strategies.</prompt>
<simpleChoice identifier="A" fixed="true">
couples
</simpleChoice>
<simpleChoice identifier="B" fixed="true">
family
</simpleChoice>
<simpleChoice identifier="C" fixed="true">
group
</simpleChoice>
<simpleChoice identifier="D" fixed="true">
psychoeducational
</simpleChoice>
</choiceInteraction>
</itemBody>
<responseProcessing template="http://www.imsglobal.org/question/qti_v2p1/rptemplates/match_correct"/>
</assessmentItem>