<?xml version="1.0" encoding="UTF-8"?>
<assessmentItem identifier="Chapter16" title="Therapy and Treatment" adaptive="false" timeDependent="false" 
  xmlns:xsi="http://www.w3.org/2001/XMLSchema-instance" 
  xmlns="http://www.imsglobal.org/xsd/imsqti_v2p1"
  xsi:schemaLocation="http://www.imsglobal.org/xsd/imsqti_v2p1 http://www.imsglobal.org/xsd/qti/qtiv2p1/imsqti_v2p1p1.xsd">
    <responseDeclaration identifier="RESPONSE" cardinality="single" baseType="identifier">
<correctResponse>
<value>B</value>
</correctResponse>
</responseDeclaration>
     <outcomeDeclaration identifier="SCORE" cardinality="single" baseType="float" normalMaximum="1" normalMinimum="0">
      <defaultValue>
        <value>0</value>
      </defaultValue>
    </outcomeDeclaration>
  	<itemBody>
	<choiceInteraction responseIdentifier="RESPONSE" shuffle="false" maxChoices="1" id="choicereduction">
		<prompt id="prompt">How is behavior therapy different than psychoanalysis?</prompt>
<simpleChoice identifier="A" fixed="true">
Behavior therapy involves free association and dream analysis, while psychoanalysis focuses on the use of classical conditioning to change patterns of thinking. 
</simpleChoice>
<simpleChoice identifier="B" fixed="true">
In behavior therapy, a therapist employs principles of learning to help clients change undesirable behaviors, while psychoanalysis involves digging deeply into one&#8217;s unconscious.
</simpleChoice>
<simpleChoice identifier="C" fixed="true">
In psychoanalysis, a therapist employs principles of learning to help clients change undesirable behaviors, while behavior therapy involves digging deeply into one&#8217;s unconscious.
</simpleChoice>
<simpleChoice identifier="D" fixed="true">
Psychoanalysis involves using free association to work through repressed desires, while behavior therapy focuses on how undesirable behaviors are predicted unconsciously, in our dreams.
</simpleChoice>
</choiceInteraction>
</itemBody>
<responseProcessing template="http://www.imsglobal.org/question/qti_v2p1/rptemplates/match_correct"/>
</assessmentItem>