<?xml version="1.0" encoding="UTF-8"?>
<assessmentItem identifier="Chapter16" title="Therapy and Treatment" adaptive="false" timeDependent="false" 
  xmlns:xsi="http://www.w3.org/2001/XMLSchema-instance" 
  xmlns="http://www.imsglobal.org/xsd/imsqti_v2p1"
  xsi:schemaLocation="http://www.imsglobal.org/xsd/imsqti_v2p1 http://www.imsglobal.org/xsd/qti/qtiv2p1/imsqti_v2p1p1.xsd">
    <responseDeclaration identifier="RESPONSE" cardinality="single" baseType="identifier">
<correctResponse>
<value>C</value>
</correctResponse>
</responseDeclaration>
     <outcomeDeclaration identifier="SCORE" cardinality="single" baseType="float" normalMaximum="1" normalMinimum="0">
      <defaultValue>
        <value>0</value>
      </defaultValue>
    </outcomeDeclaration>
  	<itemBody>
	<choiceInteraction responseIdentifier="RESPONSE" shuffle="false" maxChoices="1" id="choicereduction">
		<prompt id="prompt">Dr. Piccolo is working with a family and determines that the parents do not make rules together and often contradict each other. This leads to confusion among the children who act out because they don&#8217;t understand what is expected of them in the home. She helps them to get &#8220;on the same page&#8221; with regard to each family member&#8217;s place in the home and helps the parents work on their own relationship as co-parents. This is called &#95;&#95;&#95;&#95;&#95;&#95;&#95;&#95; family therapy.</prompt>
<simpleChoice identifier="A" fixed="true">
strategic
</simpleChoice>
<simpleChoice identifier="B" fixed="true">
triangular
</simpleChoice>
<simpleChoice identifier="C" fixed="true">
structural
</simpleChoice>
<simpleChoice identifier="D" fixed="true">
humanistic
</simpleChoice>
</choiceInteraction>
</itemBody>
<responseProcessing template="http://www.imsglobal.org/question/qti_v2p1/rptemplates/match_correct"/>
</assessmentItem>