<?xml version="1.0" encoding="UTF-8"?>
<assessmentItem identifier="Chapter16" title="Therapy and Treatment" adaptive="false" timeDependent="false" 
  xmlns:xsi="http://www.w3.org/2001/XMLSchema-instance" 
  xmlns="http://www.imsglobal.org/xsd/imsqti_v2p1"
  xsi:schemaLocation="http://www.imsglobal.org/xsd/imsqti_v2p1 http://www.imsglobal.org/xsd/qti/qtiv2p1/imsqti_v2p1p1.xsd">
    <responseDeclaration identifier="RESPONSE" cardinality="single" baseType="identifier">
<correctResponse>
<value>C</value>
</correctResponse>
</responseDeclaration>
     <outcomeDeclaration identifier="SCORE" cardinality="single" baseType="float" normalMaximum="1" normalMinimum="0">
      <defaultValue>
        <value>0</value>
      </defaultValue>
    </outcomeDeclaration>
  	<itemBody>
	<choiceInteraction responseIdentifier="RESPONSE" shuffle="false" maxChoices="1" id="choicereduction">
		<prompt id="prompt">Cultural competence is a therapist&#8217;s understanding of, and attention to, &#95;&#95;&#95;&#95;&#95;&#95;&#95;&#95;.</prompt>
<simpleChoice identifier="A" fixed="true">
issues related to being a female therapist treating a male client
</simpleChoice>
<simpleChoice identifier="B" fixed="true">
issues related to whether the client is considered normal or deviant
</simpleChoice>
<simpleChoice identifier="C" fixed="true">
race, culture, and ethnicity in providing treatment
</simpleChoice>
<simpleChoice identifier="D" fixed="true">
treating everyone the same regardless of cultural background
</simpleChoice>
</choiceInteraction>
</itemBody>
<responseProcessing template="http://www.imsglobal.org/question/qti_v2p1/rptemplates/match_correct"/>
</assessmentItem>