<?xml version="1.0" encoding="UTF-8"?>
<assessmentItem identifier="Chapter16" title="Therapy and Treatment" adaptive="false" timeDependent="false" 
  xmlns:xsi="http://www.w3.org/2001/XMLSchema-instance" 
  xmlns="http://www.imsglobal.org/xsd/imsqti_v2p1"
  xsi:schemaLocation="http://www.imsglobal.org/xsd/imsqti_v2p1 http://www.imsglobal.org/xsd/qti/qtiv2p1/imsqti_v2p1p1.xsd">
    <responseDeclaration identifier="RESPONSE" cardinality="single" baseType="identifier">
<correctResponse>
<value>B</value>
</correctResponse>
</responseDeclaration>
     <outcomeDeclaration identifier="SCORE" cardinality="single" baseType="float" normalMaximum="1" normalMinimum="0">
      <defaultValue>
        <value>0</value>
      </defaultValue>
    </outcomeDeclaration>
  	<itemBody>
	<choiceInteraction responseIdentifier="RESPONSE" shuffle="false" maxChoices="1" id="choicereduction">
		<prompt id="prompt">In a study of several thousand women, it was found that rates of bulimia nervosa was more prevalent among &#95;&#95;&#95;&#95;&#95;&#95;&#95;&#95;&#95; women when compared to non-Hispanic whites.</prompt>
<simpleChoice identifier="A" fixed="true">
Eastern and Western European 
</simpleChoice>
<simpleChoice identifier="B" fixed="true">
Hispanic and African American
</simpleChoice>
<simpleChoice identifier="C" fixed="true">
Native American and Pacific Islander
</simpleChoice>
<simpleChoice identifier="D" fixed="true">
Hispanic and Asian-American
</simpleChoice>
</choiceInteraction>
</itemBody>
<responseProcessing template="http://www.imsglobal.org/question/qti_v2p1/rptemplates/match_correct"/>
</assessmentItem>