<?xml version="1.0" encoding="UTF-8"?>
<assessmentItem identifier="Chapter16" title="Therapy and Treatment" adaptive="false" timeDependent="false" 
  xmlns:xsi="http://www.w3.org/2001/XMLSchema-instance" 
  xmlns="http://www.imsglobal.org/xsd/imsqti_v2p1"
  xsi:schemaLocation="http://www.imsglobal.org/xsd/imsqti_v2p1 http://www.imsglobal.org/xsd/qti/qtiv2p1/imsqti_v2p1p1.xsd">
    <responseDeclaration identifier="RESPONSE" cardinality="single" baseType="identifier">
<correctResponse>
<value>C</value>
</correctResponse>
</responseDeclaration>
     <outcomeDeclaration identifier="SCORE" cardinality="single" baseType="float" normalMaximum="1" normalMinimum="0">
      <defaultValue>
        <value>0</value>
      </defaultValue>
    </outcomeDeclaration>
  	<itemBody>
	<choiceInteraction responseIdentifier="RESPONSE" shuffle="false" maxChoices="1" id="choicereduction">
		<prompt id="prompt">About &#95;&#95;&#95;&#95;&#95;&#95;&#95; percent of those who seek treatment for a substance use problem tend to relapse and return to using drugs or alcohol after a period of abstinence.</prompt>
<simpleChoice identifier="A" fixed="true">
10 to 20
</simpleChoice>
<simpleChoice identifier="B" fixed="true">
20 to 40
</simpleChoice>
<simpleChoice identifier="C" fixed="true">
40 to 60
</simpleChoice>
<simpleChoice identifier="D" fixed="true">
60 to 80
</simpleChoice>
</choiceInteraction>
</itemBody>
<responseProcessing template="http://www.imsglobal.org/question/qti_v2p1/rptemplates/match_correct"/>
</assessmentItem>