<?xml version="1.0" encoding="UTF-8"?>
<assessmentItem identifier="Chapter16" title="Therapy and Treatment" adaptive="false" timeDependent="false" 
  xmlns:xsi="http://www.w3.org/2001/XMLSchema-instance" 
  xmlns="http://www.imsglobal.org/xsd/imsqti_v2p1"
  xsi:schemaLocation="http://www.imsglobal.org/xsd/imsqti_v2p1 http://www.imsglobal.org/xsd/qti/qtiv2p1/imsqti_v2p1p1.xsd">
  <responseDeclaration identifier="RESPONSE" cardinality="single" baseType="string" />
    <outcomeDeclaration identifier="SCORE" cardinality="single" baseType="float" normalMaximum="1" normalMinimum="0"/>	<itemBody>
		<extendedTextInteraction format="plain" minStrings="1" responseIdentifier="RESPONSE">
			<prompt id="prompt">What went wrong with the process of deinstitutionalization?</prompt>
	</extendedTextInteraction>
	<p>Sample Answer: Deinstitutionalization was the closing of large asylums. Those who were released from institutions were supposed to go to newly created centers, but the system was not set up effectively. Centers were underfunded; staff was not trained to handle severe illnesses, such as schizophrenia; there was high staff burnout; and no provision was made for the other services people needed, such as housing, food, and job training. Without these supports, those who were released under deinstitutionalization often ended up homeless.</p>
	</itemBody></assessmentItem>