<?xml version="1.0" encoding="UTF-8"?>
<assessmentItem identifier="Chapter16" title="Therapy and Treatment" adaptive="false" timeDependent="false" 
  xmlns:xsi="http://www.w3.org/2001/XMLSchema-instance" 
  xmlns="http://www.imsglobal.org/xsd/imsqti_v2p1"
  xsi:schemaLocation="http://www.imsglobal.org/xsd/imsqti_v2p1 http://www.imsglobal.org/xsd/qti/qtiv2p1/imsqti_v2p1p1.xsd">
    <responseDeclaration identifier="RESPONSE" cardinality="single" baseType="string"/>
   <outcomeDeclaration identifier="SCORE" cardinality="single" baseType="float" normalMaximum="1" normalMinimum="0"/>
      <itemBody>
        <extendedTextInteraction format="plain" minStrings="1" responseIdentifier="RESPONSE">
            <prompt id="prompt">Name 3 barriers to receiving mental health treatment.</prompt>
    </extendedTextInteraction>
 
    <p>Sample Answer: Finding treatment sources is not always easy: There may be limited options, especially in rural areas and low-income urban areas; waiting lists to receive care; poor quality of care available for indigent patients; and financial obstacles such as high co-pays, deductibles, and time off from work.</p>
 
    </itemBody>
</assessmentItem>
