<?xml version="1.0" encoding="UTF-8"?>
 
<assessmentItem identifier="Chapter16" title="Therapy and Treatment" adaptive="false" timeDependent="false" 
  xmlns:xsi="http://www.w3.org/2001/XMLSchema-instance" 
  xmlns="http://www.imsglobal.org/xsd/imsqti_v2p1"
  xsi:schemaLocation="http://www.imsglobal.org/xsd/imsqti_v2p1 http://www.imsglobal.org/xsd/qti/qtiv2p1/imsqti_v2p1p1.xsd">
    <responseDeclaration identifier="RESPONSE" cardinality="single" baseType="string"/>
   <outcomeDeclaration identifier="SCORE" cardinality="single" baseType="float" normalMaximum="1" normalMinimum="0"/>
      <itemBody>
        <extendedTextInteraction format="plain" minStrings="1" responseIdentifier="RESPONSE">
            <prompt id="prompt">For what reason is Rogers&#8217;s client-centered therapy known as a nondirective approach?</prompt>
    </extendedTextInteraction>
 
    <p>Sample Answer: Client-centered therapy is a form of nondirective therapy, which was developed by Carl Rogers. It is a therapeutic approach in which therapists do not give advice or provide interpretations&#8212;they help clients identify conflicts and understand feelings. This approach emphasizes the importance of clients taking control of their own lives to overcome life&#8217;s challenges.</p>
 
    </itemBody>
</assessmentItem>
