<?xml version="1.0" encoding="UTF-8"?>
<assessmentItem identifier="Chapter16" title="Therapy and Treatment" adaptive="false" timeDependent="false" 
  xmlns:xsi="http://www.w3.org/2001/XMLSchema-instance" 
  xmlns="http://www.imsglobal.org/xsd/imsqti_v2p1"
  xsi:schemaLocation="http://www.imsglobal.org/xsd/imsqti_v2p1 http://www.imsglobal.org/xsd/qti/qtiv2p1/imsqti_v2p1p1.xsd">
  <responseDeclaration identifier="RESPONSE" cardinality="single" baseType="string" />
    <outcomeDeclaration identifier="SCORE" cardinality="single" baseType="float" normalMaximum="1" normalMinimum="0"/>	<itemBody>
		<extendedTextInteraction format="plain" minStrings="1" responseIdentifier="RESPONSE">
			<prompt id="prompt">Compare and contrast electroshock and electroconvulsive therapy.</prompt>
	</extendedTextInteraction>
	<p>Sample Answer: Electroshock therapy, a brief application of electric stimulus used to produce a generalized seizure, came first. It fell into disuse and re-emerged under the name electroconvulsive therapy (ECT). In its current form, it involves using an electrical current to induce seizures to help alleviate the effects of severe depression. Electroconvulsive therapy is practiced with safeguards and under anesthesia. Controversy continues over its effectiveness versus the side effects. The exact mechanism is unknown, although it does help alleviate symptoms for people with severe depression who have not responded to traditional drug therapy. </p>
	</itemBody></assessmentItem>