<?xml version="1.0" encoding="UTF-8"?>
 
<assessmentItem identifier="Chapter16" title="Therapy and Treatment" adaptive="false" timeDependent="false" 
  xmlns:xsi="http://www.w3.org/2001/XMLSchema-instance" 
  xmlns="http://www.imsglobal.org/xsd/imsqti_v2p1"
  xsi:schemaLocation="http://www.imsglobal.org/xsd/imsqti_v2p1 http://www.imsglobal.org/xsd/qti/qtiv2p1/imsqti_v2p1p1.xsd">
    <responseDeclaration identifier="RESPONSE" cardinality="single" baseType="string"/>
   <outcomeDeclaration identifier="SCORE" cardinality="single" baseType="float" normalMaximum="1" normalMinimum="0"/>
      <itemBody>
        <extendedTextInteraction format="plain" minStrings="1" responseIdentifier="RESPONSE">
            <prompt id="prompt">What is trephining? What was it used for? Was it effective?</prompt>
    </extendedTextInteraction>
 
    <p>Sample Answer: Trephining was a form of treatment for extreme cases of mental illness. A small hole was made in the afflicted individual&#8217;s skull to release spirits from the body. Most people treated in this manner died.</p>
 
    </itemBody>
</assessmentItem>