<?xml version="1.0" encoding="UTF-8"?>
 
<assessmentItem identifier="Chapter16" title="Understanding Economic System and Business" adaptive="false" timeDependent="false" 
  xmlns:xsi="http://www.w3.org/2001/XMLSchema-instance" 
  xmlns="http://www.imsglobal.org/xsd/imsqti_v2p1"
  xsi:schemaLocation="http://www.imsglobal.org/xsd/imsqti_v2p1 http://www.imsglobal.org/xsd/qti/qtiv2p1/imsqti_v2p1p1.xsd">
    <responseDeclaration identifier="RESPONSE" cardinality="single" baseType="string"/>
   <outcomeDeclaration identifier="SCORE" cardinality="single" baseType="float" normalMaximum="1" normalMinimum="0"/>
      <itemBody>
        <extendedTextInteraction format="plain" minStrings="1" responseIdentifier="RESPONSE">
            <prompt id="prompt">What is transference and why does it occur?</prompt>
    </extendedTextInteraction>
 
    <p>Sample Answer: Freud suggested that during the client-therapist relationship, the client comes to develop strong feelings for the therapist&#8212;maybe positive feelings, maybe negative feelings. Freud called this transference: The client transfers all the positive or negative emotions associated with the client&#8217;s other relationships to the psychoanalyst.</p>
 
    </itemBody>
</assessmentItem>
