<?xml version="1.0" encoding="UTF-8"?>
<assessmentItem identifier="Chapter3" title="Biopsychology" adaptive="false" timeDependent="false" 
  xmlns:xsi="http://www.w3.org/2001/XMLSchema-instance" 
  xmlns="http://www.imsglobal.org/xsd/imsqti_v2p1"
  xsi:schemaLocation="http://www.imsglobal.org/xsd/imsqti_v2p1 http://www.imsglobal.org/xsd/qti/qtiv2p1/imsqti_v2p1p1.xsd">
    <responseDeclaration identifier="RESPONSE" cardinality="single" baseType="identifier">
<correctResponse>
<value>B</value>
</correctResponse>
</responseDeclaration>
     <outcomeDeclaration identifier="SCORE" cardinality="single" baseType="float" normalMaximum="1" normalMinimum="0">
      <defaultValue>
        <value>0</value>
      </defaultValue>
    </outcomeDeclaration>
  	<itemBody>
	<choiceInteraction responseIdentifier="RESPONSE" shuffle="false" maxChoices="1" id="choicereduction">
		<prompt id="prompt">The theory of &#95;&#95;&#95;&#95;&#95;&#95;&#95;&#95; states that organisms that are better suited for their environment will survive and reproduce, while those that are poorly suited for their environment will die off.</prompt>
<simpleChoice identifier="A" fixed="true">
behavioral genetics
</simpleChoice>
<simpleChoice identifier="B" fixed="true">
evolution by natural selection
</simpleChoice>
<simpleChoice identifier="C" fixed="true">
genetic mutation
</simpleChoice>
<simpleChoice identifier="D" fixed="true">
survivalism
</simpleChoice>
</choiceInteraction>
</itemBody>
<responseProcessing template="http://www.imsglobal.org/question/qti_v2p1/rptemplates/match_correct"/>
</assessmentItem>