<?xml version="1.0" encoding="UTF-8"?>
<assessmentItem identifier="Chapter3" title="Biopsychology" adaptive="false" timeDependent="false" 
  xmlns:xsi="http://www.w3.org/2001/XMLSchema-instance" 
  xmlns="http://www.imsglobal.org/xsd/imsqti_v2p1"
  xsi:schemaLocation="http://www.imsglobal.org/xsd/imsqti_v2p1 http://www.imsglobal.org/xsd/qti/qtiv2p1/imsqti_v2p1p1.xsd">
    <responseDeclaration identifier="RESPONSE" cardinality="single" baseType="identifier">
<correctResponse>
<value>B</value>
</correctResponse>
</responseDeclaration>
     <outcomeDeclaration identifier="SCORE" cardinality="single" baseType="float" normalMaximum="1" normalMinimum="0">
      <defaultValue>
        <value>0</value>
      </defaultValue>
    </outcomeDeclaration>
  	<itemBody>
	<choiceInteraction responseIdentifier="RESPONSE" shuffle="false" maxChoices="1" id="choicereduction">
		<prompt id="prompt">Wendy&#8217;s mother has blue eyes and her father has brown eyes. The allele for brown eye color is dominant (B) to the allele for blue eye color (b), but Wendy has blue eyes. Therefore, Wendy&#8217;s &#95;&#95;&#95;&#95;&#95;&#95;&#95;&#95; must be &#95;&#95;&#95;&#95;&#95;&#95;&#95;&#95; and her father&#8217;s must be Bb. </prompt>
<simpleChoice identifier="A" fixed="true">
genotype; Bb
</simpleChoice>
<simpleChoice identifier="B" fixed="true">
genotype; bb
</simpleChoice>
<simpleChoice identifier="C" fixed="true">
phenotype; Bb
</simpleChoice>
<simpleChoice identifier="D" fixed="true">
phenotype; bb
</simpleChoice>
</choiceInteraction>
</itemBody>
<responseProcessing template="http://www.imsglobal.org/question/qti_v2p1/rptemplates/match_correct"/>
</assessmentItem>