<?xml version="1.0" encoding="UTF-8"?>
<assessmentItem identifier="Chapter3" title="Biopsychology" adaptive="false" timeDependent="false" 
  xmlns:xsi="http://www.w3.org/2001/XMLSchema-instance" 
  xmlns="http://www.imsglobal.org/xsd/imsqti_v2p1"
  xsi:schemaLocation="http://www.imsglobal.org/xsd/imsqti_v2p1 http://www.imsglobal.org/xsd/qti/qtiv2p1/imsqti_v2p1p1.xsd">
    <responseDeclaration identifier="RESPONSE" cardinality="single" baseType="identifier">
<correctResponse>
<value>B</value>
</correctResponse>
</responseDeclaration>
     <outcomeDeclaration identifier="SCORE" cardinality="single" baseType="float" normalMaximum="1" normalMinimum="0">
      <defaultValue>
        <value>0</value>
      </defaultValue>
    </outcomeDeclaration>
  	<itemBody>
	<choiceInteraction responseIdentifier="RESPONSE" shuffle="false" maxChoices="1" id="choicereduction">
		<prompt id="prompt">In a resting state, sodium (Na<sup>&#43;</sup>) is at a higher concentration outside the cell and potassium (K<sup>&#43;</sup>) is more concentrated inside the cell. During an action potential, the sodium levels &#95;&#95;&#95;&#95;&#95;&#95;&#95;&#95; inside the cell. </prompt>
<simpleChoice identifier="A" fixed="true">
decrease
</simpleChoice>
<simpleChoice identifier="B" fixed="true">
increase
</simpleChoice>
<simpleChoice identifier="C" fixed="true">
increase only if potassium levels remain the same
</simpleChoice>
<simpleChoice identifier="D" fixed="true">
stay the same
</simpleChoice>
</choiceInteraction>
</itemBody>
<responseProcessing template="http://www.imsglobal.org/question/qti_v2p1/rptemplates/match_correct"/>
</assessmentItem>