<?xml version="1.0" encoding="UTF-8"?>
<assessmentItem identifier="Chapter3" title="Biopsychology" adaptive="false" timeDependent="false" 
  xmlns:xsi="http://www.w3.org/2001/XMLSchema-instance" 
  xmlns="http://www.imsglobal.org/xsd/imsqti_v2p1"
  xsi:schemaLocation="http://www.imsglobal.org/xsd/imsqti_v2p1 http://www.imsglobal.org/xsd/qti/qtiv2p1/imsqti_v2p1p1.xsd">
    <responseDeclaration identifier="RESPONSE" cardinality="single" baseType="identifier">
<correctResponse>
<value>D</value>
</correctResponse>
</responseDeclaration>
     <outcomeDeclaration identifier="SCORE" cardinality="single" baseType="float" normalMaximum="1" normalMinimum="0">
      <defaultValue>
        <value>0</value>
      </defaultValue>
    </outcomeDeclaration>
  	<itemBody>
	<choiceInteraction responseIdentifier="RESPONSE" shuffle="false" maxChoices="1" id="choicereduction">
		<prompt id="prompt">Which of the following is <em>not</em> a part sympathetic activation during the fight or flight response? </prompt>
<simpleChoice identifier="A" fixed="true">
adrenaline surges into the bloodstream
</simpleChoice>
<simpleChoice identifier="B" fixed="true">
heart rate and blood pressure increases
</simpleChoice>
<simpleChoice identifier="C" fixed="true">
pupils dilate
</simpleChoice>
<simpleChoice identifier="D" fixed="true">
digestion functions become more active
</simpleChoice>
</choiceInteraction>
</itemBody>
<responseProcessing template="http://www.imsglobal.org/question/qti_v2p1/rptemplates/match_correct"/>
</assessmentItem>