<?xml version="1.0" encoding="UTF-8"?>
<assessmentItem identifier="Chapter3" title="Biopsychology" adaptive="false" timeDependent="false" 
  xmlns:xsi="http://www.w3.org/2001/XMLSchema-instance" 
  xmlns="http://www.imsglobal.org/xsd/imsqti_v2p1"
  xsi:schemaLocation="http://www.imsglobal.org/xsd/imsqti_v2p1 http://www.imsglobal.org/xsd/qti/qtiv2p1/imsqti_v2p1p1.xsd">
    <responseDeclaration identifier="RESPONSE" cardinality="single" baseType="identifier">
<correctResponse>
<value>D</value>
</correctResponse>
</responseDeclaration>
     <outcomeDeclaration identifier="SCORE" cardinality="single" baseType="float" normalMaximum="1" normalMinimum="0">
      <defaultValue>
        <value>0</value>
      </defaultValue>
    </outcomeDeclaration>
  	<itemBody>
	<choiceInteraction responseIdentifier="RESPONSE" shuffle="false" maxChoices="1" id="choicereduction">
		<prompt id="prompt">Which of the following conclusions can be drawn from the case study of Phineas Gage&#8217;s accident, which led to brain injury?</prompt>
<simpleChoice identifier="A" fixed="true">
Temporal lobe injury causes people to be incapable of controlling their emotional impulses.
</simpleChoice>
<simpleChoice identifier="B" fixed="true">
Injury to the brain causes changes in behavior, but specific brain areas are not linked to specific behaviors.
</simpleChoice>
<simpleChoice identifier="C" fixed="true">
Injury to the frontal lobe does not affect behavior.
</simpleChoice>
<simpleChoice identifier="D" fixed="true">
Injury to the brain causes changes in behavior, and specific brain areas are linked to particular behaviors.
</simpleChoice>
</choiceInteraction>
</itemBody>
<responseProcessing template="http://www.imsglobal.org/question/qti_v2p1/rptemplates/match_correct"/>
</assessmentItem>