<?xml version="1.0" encoding="UTF-8"?>
<assessmentItem identifier="Chapter3" title="Biopsychology" adaptive="false" timeDependent="false" 
  xmlns:xsi="http://www.w3.org/2001/XMLSchema-instance" 
  xmlns="http://www.imsglobal.org/xsd/imsqti_v2p1"
  xsi:schemaLocation="http://www.imsglobal.org/xsd/imsqti_v2p1 http://www.imsglobal.org/xsd/qti/qtiv2p1/imsqti_v2p1p1.xsd">
    <responseDeclaration identifier="RESPONSE" cardinality="single" baseType="identifier">
<correctResponse>
<value>D</value>
</correctResponse>
</responseDeclaration>
     <outcomeDeclaration identifier="SCORE" cardinality="single" baseType="float" normalMaximum="1" normalMinimum="0">
      <defaultValue>
        <value>0</value>
      </defaultValue>
    </outcomeDeclaration>
  	<itemBody>
	<choiceInteraction responseIdentifier="RESPONSE" shuffle="false" maxChoices="1" id="choicereduction">
		<prompt id="prompt">Ainsley is participating in a study that aims to determine whether the occipital cortex becomes more active in response to moving versus stationary stimuli. When she arrives at the lab, she ingests a &#8220;tracer&#8221; and then enters the scanning machine. What type of brain imaging is most likely being conducted in this study? </prompt>
<simpleChoice identifier="A" fixed="true">
computerized tomography (CT) scan
</simpleChoice>
<simpleChoice identifier="B" fixed="true">
electroencephalograph (EEG)
</simpleChoice>
<simpleChoice identifier="C" fixed="true">
magnet resonance imaging (MRI)
</simpleChoice>
<simpleChoice identifier="D" fixed="true">
positron emission tomography (PET)
</simpleChoice>
</choiceInteraction>
</itemBody>
<responseProcessing template="http://www.imsglobal.org/question/qti_v2p1/rptemplates/match_correct"/>
</assessmentItem>