<?xml version="1.0" encoding="UTF-8"?>
<assessmentItem identifier="Chapter3" title="Biopsychology" adaptive="false" timeDependent="false" 
  xmlns:xsi="http://www.w3.org/2001/XMLSchema-instance" 
  xmlns="http://www.imsglobal.org/xsd/imsqti_v2p1"
  xsi:schemaLocation="http://www.imsglobal.org/xsd/imsqti_v2p1 http://www.imsglobal.org/xsd/qti/qtiv2p1/imsqti_v2p1p1.xsd">
    <responseDeclaration identifier="RESPONSE" cardinality="single" baseType="identifier">
<correctResponse>
<value>B</value>
</correctResponse>
</responseDeclaration>
     <outcomeDeclaration identifier="SCORE" cardinality="single" baseType="float" normalMaximum="1" normalMinimum="0">
      <defaultValue>
        <value>0</value>
      </defaultValue>
    </outcomeDeclaration>
  	<itemBody>
	<choiceInteraction responseIdentifier="RESPONSE" shuffle="false" maxChoices="1" id="choicereduction">
		<prompt id="prompt">Elaina has been diagnosed with a small brain tumor. She first went to see her doctor after experiencing symptoms such as feeling very cold, almost fainting, a reduced appetite, and reduced sexual desire. Which of the following structures is her tumor most likely affecting? </prompt>
<simpleChoice identifier="A" fixed="true">
Broca&#8217;s area
</simpleChoice>
<simpleChoice identifier="B" fixed="true">
hypothalamus
</simpleChoice>
<simpleChoice identifier="C" fixed="true">
substantia nigra
</simpleChoice>
<simpleChoice identifier="D" fixed="true">
thalamus
</simpleChoice>
</choiceInteraction>
</itemBody>
<responseProcessing template="http://www.imsglobal.org/question/qti_v2p1/rptemplates/match_correct"/>
</assessmentItem>