<?xml version="1.0" encoding="UTF-8"?>
<assessmentItem identifier="Chapter3" title="Biopsychology" adaptive="false" timeDependent="false" 
  xmlns:xsi="http://www.w3.org/2001/XMLSchema-instance" 
  xmlns="http://www.imsglobal.org/xsd/imsqti_v2p1"
  xsi:schemaLocation="http://www.imsglobal.org/xsd/imsqti_v2p1 http://www.imsglobal.org/xsd/qti/qtiv2p1/imsqti_v2p1p1.xsd">
    <responseDeclaration identifier="RESPONSE" cardinality="single" baseType="identifier">
<correctResponse>
<value>B</value>
</correctResponse>
</responseDeclaration>
     <outcomeDeclaration identifier="SCORE" cardinality="single" baseType="float" normalMaximum="1" normalMinimum="0">
      <defaultValue>
        <value>0</value>
      </defaultValue>
    </outcomeDeclaration>
  	<itemBody>
	<choiceInteraction responseIdentifier="RESPONSE" shuffle="false" maxChoices="1" id="choicereduction">
		<prompt id="prompt">Parsons and her colleagues are doing a study comparing differences in brain activity levels between patients with schizophrenia and controls with no psychological disorders. Their hypothesis requires a high level of detail and good detection of differences over time. Which of the following is the best brain imaging technique to use? </prompt>
<simpleChoice identifier="A" fixed="true">
computerized tomography (CT) scan
</simpleChoice>
<simpleChoice identifier="B" fixed="true">
functional magnetic resonance imaging (fMRI)
</simpleChoice>
<simpleChoice identifier="C" fixed="true">
magnetic resonance imaging (MRI)
</simpleChoice>
<simpleChoice identifier="D" fixed="true">
positron emission tomography (PET)
</simpleChoice>
</choiceInteraction>
</itemBody>
<responseProcessing template="http://www.imsglobal.org/question/qti_v2p1/rptemplates/match_correct"/>
</assessmentItem>