<?xml version="1.0" encoding="UTF-8"?>
<assessmentItem identifier="Chapter3" title="Biopsychology" adaptive="false" timeDependent="false" 
  xmlns:xsi="http://www.w3.org/2001/XMLSchema-instance" 
  xmlns="http://www.imsglobal.org/xsd/imsqti_v2p1"
  xsi:schemaLocation="http://www.imsglobal.org/xsd/imsqti_v2p1 http://www.imsglobal.org/xsd/qti/qtiv2p1/imsqti_v2p1p1.xsd">
    <responseDeclaration identifier="RESPONSE" cardinality="single" baseType="identifier">
<correctResponse>
<value>D</value>
</correctResponse>
</responseDeclaration>
     <outcomeDeclaration identifier="SCORE" cardinality="single" baseType="float" normalMaximum="1" normalMinimum="0">
      <defaultValue>
        <value>0</value>
      </defaultValue>
    </outcomeDeclaration>
  	<itemBody>
	<choiceInteraction responseIdentifier="RESPONSE" shuffle="false" maxChoices="1" id="choicereduction">
		<prompt id="prompt">Randolf is walking down the street of his hometown, after being away for several years, when he smells the scent of freshly baked pie coming from a local baker. He suddenly has vivid memories of walking down this street as a child, holding both of his parents&#8217; hands, and swinging between them, feeling relaxed and happy. This is because the sense of smell projects directly to the &#95;&#95;&#95;&#95;&#95;&#95;&#95;&#95;, which is responsible for emotional memories. </prompt>
<simpleChoice identifier="A" fixed="true">
medulla
</simpleChoice>
<simpleChoice identifier="B" fixed="true">
frontal ganglia
</simpleChoice>
<simpleChoice identifier="C" fixed="true">
reward pathway
</simpleChoice>
<simpleChoice identifier="D" fixed="true">
limbic system
</simpleChoice>
</choiceInteraction>
</itemBody>
<responseProcessing template="http://www.imsglobal.org/question/qti_v2p1/rptemplates/match_correct"/>
</assessmentItem>