<?xml version="1.0" encoding="UTF-8"?>
<assessmentItem identifier="Chapter3" title="Biopsychology" adaptive="false" timeDependent="false" 
  xmlns:xsi="http://www.w3.org/2001/XMLSchema-instance" 
  xmlns="http://www.imsglobal.org/xsd/imsqti_v2p1"
  xsi:schemaLocation="http://www.imsglobal.org/xsd/imsqti_v2p1 http://www.imsglobal.org/xsd/qti/qtiv2p1/imsqti_v2p1p1.xsd">
    <responseDeclaration identifier="RESPONSE" cardinality="single" baseType="identifier">
<correctResponse>
<value>D</value>
</correctResponse>
</responseDeclaration>
     <outcomeDeclaration identifier="SCORE" cardinality="single" baseType="float" normalMaximum="1" normalMinimum="0">
      <defaultValue>
        <value>0</value>
      </defaultValue>
    </outcomeDeclaration>
  	<itemBody>
	<choiceInteraction responseIdentifier="RESPONSE" shuffle="false" maxChoices="1" id="choicereduction">
		<prompt id="prompt">Jeremy has Parkinson&#8217;s disease, a progressive neurodegenerative disease that affects motor skills. In addition to motor symptoms, Jeremy has noticed changes in his mood. It is likely that Jeremy&#8217;s &#95;&#95;&#95;&#95;&#95;&#95;&#95;&#95; is producing less &#95;&#95;&#95;&#95;&#95;&#95;&#95;&#95; than it needs to. </prompt>
<simpleChoice identifier="A" fixed="true">
motor cortex; acetylcholine
</simpleChoice>
<simpleChoice identifier="B" fixed="true">
motor cortex; dopamine
</simpleChoice>
<simpleChoice identifier="C" fixed="true">
substantia nigra; acetylcholine
</simpleChoice>
<simpleChoice identifier="D" fixed="true">
substantia nigra; dopamine
</simpleChoice>
</choiceInteraction>
</itemBody>
<responseProcessing template="http://www.imsglobal.org/question/qti_v2p1/rptemplates/match_correct"/>
</assessmentItem>