<?xml version="1.0" encoding="UTF-8"?>
<assessmentItem identifier="Chapter3" title="Biopsychology" adaptive="false" timeDependent="false" 
  xmlns:xsi="http://www.w3.org/2001/XMLSchema-instance" 
  xmlns="http://www.imsglobal.org/xsd/imsqti_v2p1"
  xsi:schemaLocation="http://www.imsglobal.org/xsd/imsqti_v2p1 http://www.imsglobal.org/xsd/qti/qtiv2p1/imsqti_v2p1p1.xsd">
    
	<responseDeclaration identifier="RESPONSE" cardinality="single" baseType="string"/>
   <outcomeDeclaration identifier="SCORE" cardinality="single" baseType="float" normalMaximum="1" normalMinimum="0">
      <defaultValue>
        <value>0</value>
      </defaultValue>
    </outcomeDeclaration>
  	<itemBody>
		<extendedTextInteraction format="plain" minStrings="1" responseIdentifier="RESPONSE">
		
			<prompt id="prompt">Which gland is referred to as the master gland of the endocrine system, and which brain structure links it to the central nervous system? </prompt>
	</extendedTextInteraction>
	<p>Sample Answer: The pituitary gland is referred to as the master gland of the endocrine system, and it communicates with the central nervous system via the hypothalamus. </p>
	</itemBody>
</assessmentItem>